city,district,street,place,location,remark,source,link,is_today,title,text,province
重庆,石柱县,,万安街道财信城,,,重庆发布,https://mp.weixin.qq.com/s/rmFI9I_m8opqo7qDn-3PBg,1,,,重庆市
重庆,石柱县,,西沱镇月台南路,,,重庆发布,https://mp.weixin.qq.com/s/rmFI9I_m8opqo7qDn-3PBg,1,,,重庆市
重庆,石柱县,,西沱镇双桥居委双桥组,,,重庆发布,https://mp.weixin.qq.com/s/rmFI9I_m8opqo7qDn-3PBg,1,,,重庆市
重庆,石柱县,,西沱镇玉石村大墙院组,,,重庆发布,https://mp.weixin.qq.com/s/rmFI9I_m8opqo7qDn-3PBg,1,,,重庆市
重庆,石柱县,,西沱镇商业街,,,重庆发布,https://mp.weixin.qq.com/s/rmFI9I_m8opqo7qDn-3PBg,1,,,重庆市
重庆,石柱县,,西沱镇双桥居委罗家湾,,,重庆发布,https://mp.weixin.qq.com/s/rmFI9I_m8opqo7qDn-3PBg,1,,,重庆市
重庆,石柱县,,万安街道城南花园,,,重庆发布,https://mp.weixin.qq.com/s/rmFI9I_m8opqo7qDn-3PBg,1,,,重庆市
重庆,石柱县,,南宾街道汇景龙湾,,,重庆发布,https://mp.weixin.qq.com/s/rmFI9I_m8opqo7qDn-3PBg,1,,,重庆市
重庆,石柱县,,西沱镇云南路,,,重庆发布,https://mp.weixin.qq.com/s/rmFI9I_m8opqo7qDn-3PBg,1,,,重庆市
重庆,酉阳县,,铜鼓镇清泉村,,,重庆发布,https://mp.weixin.qq.com/s/rmFI9I_m8opqo7qDn-3PBg,1,,,重庆市
重庆,彭水县,,岩东乡堰塘村12组,,,重庆发布,https://mp.weixin.qq.com/s/rmFI9I_m8opqo7qDn-3PBg,1,,,重庆市
重庆,巫山县,,抱龙镇桃花街,,,重庆发布,https://mp.weixin.qq.com/s/rmFI9I_m8opqo7qDn-3PBg,1,,,重庆市
重庆,巫山县,,高唐街道平湖路394号,,,重庆发布,https://mp.weixin.qq.com/s/rmFI9I_m8opqo7qDn-3PBg,1,,,重庆市
重庆,巫山县,,骡坪镇玉水村,,,重庆发布,https://mp.weixin.qq.com/s/rmFI9I_m8opqo7qDn-3PBg,1,,,重庆市
重庆,巫山县,,建平乡柳坪村5组,,,重庆发布,https://mp.weixin.qq.com/s/rmFI9I_m8opqo7qDn-3PBg,1,,,重庆市
重庆,巫山县,,高唐街道中央王府2号楼,,,重庆发布,https://mp.weixin.qq.com/s/rmFI9I_m8opqo7qDn-3PBg,1,,,重庆市
重庆,云阳县,,普安乡佛手村,"108.878623,30.857134",,重庆发布,https://mp.weixin.qq.com/s/rmFI9I_m8opqo7qDn-3PBg,1,,,重庆市
重庆,云阳县,,龙角镇木虎村,,,重庆发布,https://mp.weixin.qq.com/s/rmFI9I_m8opqo7qDn-3PBg,1,,,重庆市
重庆,云阳县,,江口镇滨河社区,,,重庆发布,https://mp.weixin.qq.com/s/rmFI9I_m8opqo7qDn-3PBg,1,,,重庆市
重庆,云阳县,,江口镇帆水社区,,,重庆发布,https://mp.weixin.qq.com/s/rmFI9I_m8opqo7qDn-3PBg,1,,,重庆市
重庆,云阳县,,水口镇宫观路,,,重庆发布,https://mp.weixin.qq.com/s/rmFI9I_m8opqo7qDn-3PBg,1,,,重庆市
重庆,云阳县,,南溪镇丽城小区,,,重庆发布,https://mp.weixin.qq.com/s/rmFI9I_m8opqo7qDn-3PBg,1,,,重庆市
重庆,云阳县,,南溪镇塔棚村,,,重庆发布,https://mp.weixin.qq.com/s/rmFI9I_m8opqo7qDn-3PBg,1,,,重庆市
重庆,云阳县,,江口镇和平社区,,,重庆发布,https://mp.weixin.qq.com/s/rmFI9I_m8opqo7qDn-3PBg,1,,,重庆市
重庆,云阳县,,新津乡作坊村,,,重庆发布,https://mp.weixin.qq.com/s/rmFI9I_m8opqo7qDn-3PBg,1,,,重庆市
重庆,云阳县,,宝坪镇凤凰村,"108.908098,30.934056",,重庆发布,https://mp.weixin.qq.com/s/rmFI9I_m8opqo7qDn-3PBg,1,,,重庆市
重庆,云阳县,,宝坪镇江南村,"108.890603,30.940957",,重庆发布,https://mp.weixin.qq.com/s/rmFI9I_m8opqo7qDn-3PBg,1,,,重庆市
重庆,云阳县,,盘龙街道永兴路,"108.717683,30.903871",,重庆发布,https://mp.weixin.qq.com/s/rmFI9I_m8opqo7qDn-3PBg,1,,,重庆市
重庆,云阳县,,黄石镇兴旺路,"108.722274,30.99855",,重庆发布,https://mp.weixin.qq.com/s/rmFI9I_m8opqo7qDn-3PBg,1,,,重庆市
重庆,云阳县,,双江街道云江大道梨园社区,"108.706859,30.942755",,重庆发布,https://mp.weixin.qq.com/s/rmFI9I_m8opqo7qDn-3PBg,1,,,重庆市
重庆,云阳县,,双江街道北部新区桂湾路,"108.709709,30.948885",,重庆发布,https://mp.weixin.qq.com/s/rmFI9I_m8opqo7qDn-3PBg,1,,,重庆市
重庆,云阳县,,南溪镇新云村,,,重庆发布,https://mp.weixin.qq.com/s/rmFI9I_m8opqo7qDn-3PBg,1,,,重庆市
重庆,云阳县,,高阳镇桂林村,"108.694362,31.121254",,重庆发布,https://mp.weixin.qq.com/s/rmFI9I_m8opqo7qDn-3PBg,1,,,重庆市
重庆,云阳县,,高阳镇荣华社区青乐路,,,重庆发布,https://mp.weixin.qq.com/s/rmFI9I_m8opqo7qDn-3PBg,1,,,重庆市
重庆,云阳县,,农坝镇龙堰社区龙泉北路,,,重庆发布,https://mp.weixin.qq.com/s/rmFI9I_m8opqo7qDn-3PBg,1,,,重庆市
重庆,云阳县,,青龙街道白鹤社区五同路,,,重庆发布,https://mp.weixin.qq.com/s/rmFI9I_m8opqo7qDn-3PBg,1,,,重庆市
重庆,云阳县,,宝坪镇双坝村,"108.917656,30.89927",,重庆发布,https://mp.weixin.qq.com/s/rmFI9I_m8opqo7qDn-3PBg,1,,,重庆市
重庆,垫江县,,桂阳街道多弘尚城,"107.364738,30.315957",,重庆发布,https://mp.weixin.qq.com/s/rmFI9I_m8opqo7qDn-3PBg,1,,,重庆市
重庆,垫江县,,桂阳街道南滨师苑,"107.337118,30.317101",,重庆发布,https://mp.weixin.qq.com/s/rmFI9I_m8opqo7qDn-3PBg,1,,,重庆市
重庆,垫江县,,桂阳街道盛世华都,"107.339926,30.329111",,重庆发布,https://mp.weixin.qq.com/s/rmFI9I_m8opqo7qDn-3PBg,1,,,重庆市
重庆,垫江县,,砚台镇白云村6组,"107.28183,30.148594",,重庆发布,https://mp.weixin.qq.com/s/rmFI9I_m8opqo7qDn-3PBg,1,,,重庆市
重庆,垫江县,,黄沙镇长红居委3组,,,重庆发布,https://mp.weixin.qq.com/s/rmFI9I_m8opqo7qDn-3PBg,1,,,重庆市
重庆,垫江县,,普顺镇红岩村3组,"107.568186,30.44431",,重庆发布,https://mp.weixin.qq.com/s/rmFI9I_m8opqo7qDn-3PBg,1,,,重庆市
重庆,垫江县,,普顺镇东风村5组,"107.603159,30.430915",,重庆发布,https://mp.weixin.qq.com/s/rmFI9I_m8opqo7qDn-3PBg,1,,,重庆市
重庆,垫江县,,坪山镇九龙村7组,"107.400008,30.043454",,重庆发布,https://mp.weixin.qq.com/s/rmFI9I_m8opqo7qDn-3PBg,1,,,重庆市
重庆,垫江县,,曹回镇莲花村7组,"107.493027,30.384",,重庆发布,https://mp.weixin.qq.com/s/rmFI9I_m8opqo7qDn-3PBg,1,,,重庆市
重庆,丰都县,,三合街道雪玉路金山佳园小区,"107.739614,29.860828",,重庆发布,https://mp.weixin.qq.com/s/rmFI9I_m8opqo7qDn-3PBg,1,,,重庆市
重庆,丰都县,,三合街道南天湖西路,"107.730149,29.865336",,重庆发布,https://mp.weixin.qq.com/s/rmFI9I_m8opqo7qDn-3PBg,1,,,重庆市
重庆,丰都县,,三合街道东升路下段,"107.746641,29.877558",,重庆发布,https://mp.weixin.qq.com/s/rmFI9I_m8opqo7qDn-3PBg,1,,,重庆市
重庆,丰都县,,三合街道雪玉路一支路,"107.743683,29.861127",,重庆发布,https://mp.weixin.qq.com/s/rmFI9I_m8opqo7qDn-3PBg,1,,,重庆市
重庆,丰都县,,三合街道滨江东路二支路,"107.735758,29.870372",,重庆发布,https://mp.weixin.qq.com/s/rmFI9I_m8opqo7qDn-3PBg,1,,,重庆市
重庆,丰都县,,三合街道雪玉路世纪花园,"107.73014,29.856341",,重庆发布,https://mp.weixin.qq.com/s/rmFI9I_m8opqo7qDn-3PBg,1,,,重庆市
重庆,丰都县,,兴龙镇春花山村三组,"107.573006,30.051662",,重庆发布,https://mp.weixin.qq.com/s/rmFI9I_m8opqo7qDn-3PBg,1,,,重庆市
重庆,丰都县,,树人镇居委文庙街,"107.743172,29.98298",,重庆发布,https://mp.weixin.qq.com/s/rmFI9I_m8opqo7qDn-3PBg,1,,,重庆市
重庆,丰都县,,三合街道船舶公司宿舍,"107.705572,29.854496",,重庆发布,https://mp.weixin.qq.com/s/rmFI9I_m8opqo7qDn-3PBg,1,,,重庆市
重庆,忠县,,石宝镇石宝街鼎都花园小区,,,重庆发布,https://mp.weixin.qq.com/s/rmFI9I_m8opqo7qDn-3PBg,1,,,重庆市
重庆,梁平区,,梁山街道石马小区南一段,"107.795914,30.663997",,重庆发布,https://mp.weixin.qq.com/s/rmFI9I_m8opqo7qDn-3PBg,1,,,重庆市
重庆,梁平区,,蟠龙镇聚水村7组,"107.845851,30.613577",,重庆发布,https://mp.weixin.qq.com/s/rmFI9I_m8opqo7qDn-3PBg,1,,,重庆市
重庆,梁平区,,双桂街道明珠上海城,"107.767852,30.648024",,重庆发布,https://mp.weixin.qq.com/s/rmFI9I_m8opqo7qDn-3PBg,1,,,重庆市
重庆,梁平区,,永辉超市名豪店,"107.800086,30.672465",,重庆发布,https://mp.weixin.qq.com/s/rmFI9I_m8opqo7qDn-3PBg,1,,,重庆市
重庆,梁平区,,文化镇新中街30号,"107.785633,30.817922",,重庆发布,https://mp.weixin.qq.com/s/rmFI9I_m8opqo7qDn-3PBg,1,,,重庆市
重庆,梁平区,,蟠龙镇义和村3组,"107.833309,30.614626",,重庆发布,https://mp.weixin.qq.com/s/rmFI9I_m8opqo7qDn-3PBg,1,,,重庆市
重庆,武隆区,,长坝镇何家村廖家嘴组,"107.484356,29.32746",,重庆发布,https://mp.weixin.qq.com/s/rmFI9I_m8opqo7qDn-3PBg,1,,,重庆市
重庆,奉节县,,西部新区飞洋世纪城5栋,"109.41641,31.024572",,重庆发布,https://mp.weixin.qq.com/s/idTXK1z3N4FapKjbh-j6fA,1,,,重庆市
重庆,奉节县,,西部新区飞洋世纪城9栋,"109.41641,31.024572",,重庆发布,https://mp.weixin.qq.com/s/idTXK1z3N4FapKjbh-j6fA,1,,,重庆市
重庆,奉节县,,西部新区飞洋世纪城3栋,"109.41641,31.024572",,重庆发布,https://mp.weixin.qq.com/s/rmFI9I_m8opqo7qDn-3PBg,1,,,重庆市
重庆,奉节县,,安坪镇广营村9组,"109.338419,30.895433",,重庆发布,https://mp.weixin.qq.com/s/idTXK1z3N4FapKjbh-j6fA,1,,,重庆市
重庆,奉节县,,大树镇凤仙村4组,"109.384214,31.185342",,重庆发布,https://mp.weixin.qq.com/s/idTXK1z3N4FapKjbh-j6fA,1,,,重庆市
重庆,奉节县,,永安街道朝阳社区金橙街58号,"109.461638,31.015097",,重庆发布,https://mp.weixin.qq.com/s/idTXK1z3N4FapKjbh-j6fA,1,,,重庆市
重庆,奉节县,,夔门街道陈家包11栋,"109.551859,31.042592",,重庆发布,https://mp.weixin.qq.com/s/idTXK1z3N4FapKjbh-j6fA,1,,,重庆市
重庆,奉节县,,西部新区飞洋世纪城1栋,"109.416251,31.024373",,重庆发布,https://mp.weixin.qq.com/s/idTXK1z3N4FapKjbh-j6fA,1,,,重庆市
重庆,奉节县,,安坪镇下坝村1组,"109.31008,30.911722",,重庆发布,https://mp.weixin.qq.com/s/idTXK1z3N4FapKjbh-j6fA,0,,,重庆市
重庆,奉节县,,安坪镇合一村1组,"109.286684,30.905285",,重庆发布,https://mp.weixin.qq.com/s/idTXK1z3N4FapKjbh-j6fA,0,,,重庆市
重庆,荣昌区,,宝成路,"105.591068,29.405696",,重庆日报,https://mp.weixin.qq.com/s/FoesVFRAhegVAYfWzQyvXQ,1,,,重庆市
重庆,荣昌区,,昌元街道怡和花苑,"105.591108,29.406256",,重庆发布,https://mp.weixin.qq.com/s/rmFI9I_m8opqo7qDn-3PBg,0,,,重庆市
重庆,荣昌区,,广顺镇石河村,"105.579828,29.367769",,重庆日报,https://mp.weixin.qq.com/s/FoesVFRAhegVAYfWzQyvXQ,0,,,重庆市
重庆,荣昌区,,清升镇古佛山社区2组,"105.52057,29.274127",,重庆发布,https://mp.weixin.qq.com/s/rmFI9I_m8opqo7qDn-3PBg,0,,,重庆市
重庆,荣昌区,,广顺镇天常村,"105.546296,29.343304",,重庆日报,https://mp.weixin.qq.com/s/FoesVFRAhegVAYfWzQyvXQ,0,,,重庆市
重庆,荣昌区,,昌元街道海棠路265号,"105.605413,29.417475",,重庆发布,https://mp.weixin.qq.com/s/rmFI9I_m8opqo7qDn-3PBg,0,,,重庆市
重庆,荣昌区,,昌元街道玉屏二街24号,"105.596651,29.404826",,重庆发布,https://mp.weixin.qq.com/s/rmFI9I_m8opqo7qDn-3PBg,0,,,重庆市
重庆,荣昌区,,广顺镇天堂村,"105.546296,29.343304",,重庆日报,https://mp.weixin.qq.com/s/FoesVFRAhegVAYfWzQyvXQ,0,,,重庆市
重庆,潼南区,,古溪镇狮桥村1社,"105.967901,30.312695",,重庆发布,https://mp.weixin.qq.com/s/rmFI9I_m8opqo7qDn-3PBg,0,,,重庆市
重庆,潼南区,,梓潼街道健能绿都小区,"105.830202,30.151017",,重庆发布,https://mp.weixin.qq.com/s/rmFI9I_m8opqo7qDn-3PBg,0,,,重庆市
重庆,合川区,,安新村,"106.279626,29.954056",,重庆发布,https://mp.weixin.qq.com/s/rmFI9I_m8opqo7qDn-3PBg,0,,,重庆市
重庆,合川区,,钱塘镇和平街,"106.319312,30.181925",,重庆发布,https://mp.weixin.qq.com/s/rmFI9I_m8opqo7qDn-3PBg,0,,,重庆市
重庆,合川区,,钱塘镇菜市场,"106.3218,30.182794",,重庆发布,https://mp.weixin.qq.com/s/rmFI9I_m8opqo7qDn-3PBg,0,,,重庆市
重庆,合川区,,柏树街如家酒店,"106.266697,29.991478",,重庆发布,https://mp.weixin.qq.com/s/rmFI9I_m8opqo7qDn-3PBg,0,,,重庆市
重庆,合川区,,双龙湖两塘村,"106.431344,30.151202",,重庆发布,https://mp.weixin.qq.com/s/rmFI9I_m8opqo7qDn-3PBg,0,,,重庆市
重庆,合川区,,梅垭村10组,"106.084874,30.311252",,重庆发布,https://mp.weixin.qq.com/s/rmFI9I_m8opqo7qDn-3PBg,0,,,重庆市
重庆,合川区,,蟠龙路222号,"106.268813,30.000783",,重庆发布,https://mp.weixin.qq.com/s/rmFI9I_m8opqo7qDn-3PBg,0,,,重庆市
重庆,合川区,,会龙高石村13社,"106.376229,30.195894",,重庆发布,https://mp.weixin.qq.com/s/rmFI9I_m8opqo7qDn-3PBg,0,,,重庆市
重庆,合川区,,灰坝村2组,"106.304308,30.140096",,重庆发布,https://mp.weixin.qq.com/s/rmFI9I_m8opqo7qDn-3PBg,0,,,重庆市
重庆,璧山区,,丁家街道,"106.151154,29.406275",,重庆发布,https://mp.weixin.qq.com/s/rmFI9I_m8opqo7qDn-3PBg,0,,,重庆市
重庆,璧山区,,七塘镇,"106.285932,29.778218",,重庆发布,https://mp.weixin.qq.com/s/rmFI9I_m8opqo7qDn-3PBg,0,,,重庆市
重庆,璧山区,,璧城街道,"106.221684,29.583374",,重庆发布,https://mp.weixin.qq.com/s/rmFI9I_m8opqo7qDn-3PBg,0,,,重庆市
重庆,长寿区,,凤城街道关口村1栋,"107.083817,29.821116",,重庆发布,https://mp.weixin.qq.com/s/rmFI9I_m8opqo7qDn-3PBg,0,,,重庆市
重庆,长寿区,,凤城街道创业街1巷1栋,"107.074051,29.835968",,重庆发布,https://mp.weixin.qq.com/s/rmFI9I_m8opqo7qDn-3PBg,0,,,重庆市
重庆,长寿区,,葛兰镇枣子街692号,"107.124263,30.034427",,重庆发布,https://mp.weixin.qq.com/s/rmFI9I_m8opqo7qDn-3PBg,0,,,重庆市
重庆,长寿区,,云集镇华茂街,"107.346292,29.917301",,重庆发布,https://mp.weixin.qq.com/s/rmFI9I_m8opqo7qDn-3PBg,0,,,重庆市
重庆,长寿区,,云集镇华福街36号,"107.346948,29.915814",,重庆发布,https://mp.weixin.qq.com/s/rmFI9I_m8opqo7qDn-3PBg,0,,,重庆市
重庆,长寿区,,云集镇大胜村2组,"107.330359,29.931106",,重庆发布,https://mp.weixin.qq.com/s/rmFI9I_m8opqo7qDn-3PBg,0,,,重庆市
重庆,长寿区,,邻封镇庙山村1组,"107.150557,29.875448",,重庆发布,https://mp.weixin.qq.com/s/rmFI9I_m8opqo7qDn-3PBg,0,,,重庆市
重庆,长寿区,,长寿湖镇曙光街,"107.287528,29.897518",,重庆发布,https://mp.weixin.qq.com/s/rmFI9I_m8opqo7qDn-3PBg,0,,,重庆市
重庆,长寿区,,葛兰镇张家堡2栋,"107.023894,29.883216",,重庆发布,https://mp.weixin.qq.com/s/rmFI9I_m8opqo7qDn-3PBg,0,,,重庆市
重庆,江津区,,半岛明珠,"106.277589,29.280652",,重庆发布,https://mp.weixin.qq.com/s/rmFI9I_m8opqo7qDn-3PBg,0,,,重庆市
重庆,九龙坡区,,创新大道同天依云郡,"106.465646,29.511121",,重庆日报,https://mp.weixin.qq.com/s/TgegU79cKAwmtBloSettoA,1,,,重庆市
重庆,九龙坡区,,老五面庄,"106.488903,29.49495",,重庆日报,https://mp.weixin.qq.com/s/TgegU79cKAwmtBloSettoA,1,,,重庆市
重庆,九龙坡区,,华岩镇华宇锦绣花城,"106.445843,29.434869",,重庆发布,https://mp.weixin.qq.com/s/rmFI9I_m8opqo7qDn-3PBg,0,,,重庆市
重庆,九龙坡区,,华岩镇恒景天苑,"106.437356,29.452651",,重庆发布,https://mp.weixin.qq.com/s/rmFI9I_m8opqo7qDn-3PBg,0,,,重庆市
重庆,九龙坡区,,华岩镇恒大雅苑,"106.447178,29.438415",,重庆发布,https://mp.weixin.qq.com/s/rmFI9I_m8opqo7qDn-3PBg,0,,,重庆市
重庆,九龙坡区,,九龙坡区科园四路大喜门火锅店,"106.493995,29.533367",,重庆日报,https://mp.weixin.qq.com/s/FoesVFRAhegVAYfWzQyvXQ,0,,,重庆市
重庆,九龙坡区,,石桥铺街道隆鑫花漾四季,"106.461422,29.524921",,重庆发布,https://mp.weixin.qq.com/s/rmFI9I_m8opqo7qDn-3PBg,0,,,重庆市
重庆,九龙坡区,,石桥铺街道雨林商都,"106.482038,29.529182",,重庆发布,https://mp.weixin.qq.com/s/rmFI9I_m8opqo7qDn-3PBg,0,,,重庆市
重庆,九龙坡区,,石桥铺街道陈家坪石杨村,"106.486743,29.521915",,重庆发布,https://mp.weixin.qq.com/s/rmFI9I_m8opqo7qDn-3PBg,0,,,重庆市
重庆,九龙坡区,,渝州路街道科园一路喜盈门食府,"106.485528,29.529701",,重庆发布,https://mp.weixin.qq.com/s/rmFI9I_m8opqo7qDn-3PBg,0,,,重庆市
重庆,九龙坡区,,二郎街道晋愉V时代,"106.458284,29.506173",,重庆发布,https://mp.weixin.qq.com/s/rmFI9I_m8opqo7qDn-3PBg,0,,,重庆市
重庆,九龙坡区,,二郎街道同心家园,"106.467316,29.516321",,重庆发布,https://mp.weixin.qq.com/s/rmFI9I_m8opqo7qDn-3PBg,0,,,重庆市
重庆,九龙坡区,,二郎街道云湖绿岛,"106.489558,29.507294",,重庆发布,https://mp.weixin.qq.com/s/rmFI9I_m8opqo7qDn-3PBg,0,,,重庆市
重庆,九龙坡区,,中梁山街道华龙家园,"106.445605,29.46558",,重庆发布,https://mp.weixin.qq.com/s/rmFI9I_m8opqo7qDn-3PBg,0,,,重庆市
重庆,九龙坡区,,九龙镇朵力名都,"106.483232,29.492452",,重庆发布,https://mp.weixin.qq.com/s/rmFI9I_m8opqo7qDn-3PBg,0,,,重庆市
重庆,九龙坡区,,九龙镇万科西城,"106.496117,29.508004",,重庆发布,https://mp.weixin.qq.com/s/rmFI9I_m8opqo7qDn-3PBg,0,,,重庆市
重庆,九龙坡区,,华岩镇田坝乔鹤佳苑,"106.435054,29.461953",,重庆发布,https://mp.weixin.qq.com/s/rmFI9I_m8opqo7qDn-3PBg,0,,,重庆市
重庆,九龙坡区,,科园四路大喜门火锅店,"106.493995,29.533367",,重庆日报,https://mp.weixin.qq.com/s/FoesVFRAhegVAYfWzQyvXQ,0,,,重庆市
重庆,大渡口区,,春晖路街道柏华小区,"106.477821,29.467779",,重庆发布,https://mp.weixin.qq.com/s/rmFI9I_m8opqo7qDn-3PBg,0,,,重庆市
重庆,大渡口区,,大堰二村朵力欣元小区,"106.489311,29.489989",,重庆发布,https://mp.weixin.qq.com/s/rmFI9I_m8opqo7qDn-3PBg,0,,,重庆市
重庆,南岸区,,龙门皓月小区大门对面誉多超市,"106.597057,29.547536",,重庆日报,https://mp.weixin.qq.com/s/nTb-cBvJ2J6drp3vnxQFXQ,1,,,重庆市
重庆,南岸区,,龙门浩街道聚丰江山里小区,"106.589859,29.542862",,重庆日报,https://mp.weixin.qq.com/s/nTb-cBvJ2J6drp3vnxQFXQ,0,,,重庆市
重庆,南岸区,,天文街道城南家园五组团,"106.65365,29.516419",,重庆日报,https://mp.weixin.qq.com/s/nTb-cBvJ2J6drp3vnxQFXQ,0,,,重庆市
重庆,南岸区,,长生桥镇富翔花园,"106.66796,29.506341",,重庆日报,https://mp.weixin.qq.com/s/nTb-cBvJ2J6drp3vnxQFXQ,0,,,重庆市
重庆,南岸区,,龙门浩街道天水伴山居,"106.59787,29.547276",,重庆日报,https://mp.weixin.qq.com/s/nTb-cBvJ2J6drp3vnxQFXQ,0,,,重庆市
重庆,万盛经济开发区,,阳光国际,"106.93268,28.953819",,重庆日报,https://mp.weixin.qq.com/s/TgegU79cKAwmtBloSettoA,1,,,重庆市
重庆,万盛经济开发区,,渝南明珠,"106.931366,28.949341",,重庆日报,https://mp.weixin.qq.com/s/TgegU79cKAwmtBloSettoA,1,,,重庆市
重庆,万盛经济开发区,,万东镇,"106.926342,28.954946",,重庆日报,https://mp.weixin.qq.com/s/TgegU79cKAwmtBloSettoA,0,,,重庆市
重庆,綦江区,,新兴超市,"106.644846,29.04807",,重庆日报,https://mp.weixin.qq.com/s/sXboeLIYjGBGc70KB75p3w,0,,,重庆市
重庆,綦江区,,文龙街道人才巷1号,"106.655132,29.033718",,重庆日报,https://mp.weixin.qq.com/s/sXboeLIYjGBGc70KB75p3w,1,,,重庆市
重庆,綦江区,,百步梯邮政银行,"106.653709,29.033048",,重庆日报,https://mp.weixin.qq.com/s/sXboeLIYjGBGc70KB75p3w,1,,,重庆市
重庆,綦江区,,百步梯农村商业银行,"106.65337,29.034612",,重庆日报,https://mp.weixin.qq.com/s/sXboeLIYjGBGc70KB75p3w,1,,,重庆市
重庆,綦江区,,万达广场永辉超市,"106.676137,29.034",,重庆日报,https://mp.weixin.qq.com/s/sXboeLIYjGBGc70KB75p3w,0,,,重庆市
重庆,綦江区,,万达广场4楼蓉李记成都小吃店,"106.675727,29.034259",,重庆日报,https://mp.weixin.qq.com/s/sXboeLIYjGBGc70KB75p3w,0,,,重庆市
重庆,綦江区,,名扬广场大润发超市,"106.654167,29.031029",,重庆日报,https://mp.weixin.qq.com/s/sXboeLIYjGBGc70KB75p3w,0,,,重庆市
重庆,綦江区,,古南街道桥河古剑山旅游大道,"106.607544,28.963065",,重庆日报,https://mp.weixin.qq.com/s/sXboeLIYjGBGc70KB75p3w,0,,,重庆市
重庆,綦江区,,河西永辉超市,"106.649371,29.02769",,重庆日报,https://mp.weixin.qq.com/s/sXboeLIYjGBGc70KB75p3w,0,,,重庆市
重庆,綦江区,,沱湾上升街,"106.659587,29.01631",,重庆日报,https://mp.weixin.qq.com/s/sXboeLIYjGBGc70KB75p3w,0,,,重庆市
重庆,綦江区,,三江街道照贵村4组,"106.652026,28.922825",,重庆日报,https://mp.weixin.qq.com/s/sXboeLIYjGBGc70KB75p3w,0,,,重庆市
重庆,綦江区,,阳光雅苑,"106.650714,29.039715",,重庆日报,https://mp.weixin.qq.com/s/sXboeLIYjGBGc70KB75p3w,0,,,重庆市
重庆,綦江区,,篆塘鱼梁村,"106.639218,28.907095",,重庆日报,https://mp.weixin.qq.com/s/sXboeLIYjGBGc70KB75p3w,0,,,重庆市
重庆,綦江区,,河东市场,"106.655254,29.027582",,重庆日报,https://mp.weixin.qq.com/s/sXboeLIYjGBGc70KB75p3w,1,,,重庆市
重庆,綦江区,,电力街,"106.658012,29.026671",,重庆日报,https://mp.weixin.qq.com/s/sXboeLIYjGBGc70KB75p3w,1,,,重庆市
重庆,綦江区,,万家康药房,"106.649425,29.038775",,重庆日报,https://mp.weixin.qq.com/s/sXboeLIYjGBGc70KB75p3w,1,,,重庆市
重庆,綦江区,,烟草公司,"106.652143,29.034998",,重庆日报,https://mp.weixin.qq.com/s/sXboeLIYjGBGc70KB75p3w,1,,,重庆市
重庆,綦江区,,桥河桃花山安置小区,,,重庆日报,https://mp.weixin.qq.com/s/sXboeLIYjGBGc70KB75p3w,1,,,重庆市
重庆,綦江区,,鸡公嘴山脚下,,,重庆日报,https://mp.weixin.qq.com/s/sXboeLIYjGBGc70KB75p3w,1,,,重庆市
重庆,綦江区,,文龙街道景秀江山,"106.640374,29.035346",,重庆日报,https://mp.weixin.qq.com/s/sXboeLIYjGBGc70KB75p3w,0,,,重庆市
重庆,綦江区,,文龙街道普惠尚城名都,"106.659369,29.035978",,重庆日报,https://mp.weixin.qq.com/s/sXboeLIYjGBGc70KB75p3w,0,,,重庆市
重庆,綦江区,,文龙街道阳光奥韵小区,"106.651379,29.040083",,重庆日报,https://mp.weixin.qq.com/s/sXboeLIYjGBGc70KB75p3w,0,,,重庆市
重庆,綦江区,,文龙街道文龙街,"106.653515,29.034363",,重庆日报,https://mp.weixin.qq.com/s/sXboeLIYjGBGc70KB75p3w,0,,,重庆市
重庆,綦江区,,古南街道南门路134号4栋,"106.65293,29.022925",,重庆日报,https://mp.weixin.qq.com/s/sXboeLIYjGBGc70KB75p3w,0,,,重庆市
重庆,綦江区,,三江街道黄桷村,"106.707626,28.907753",,重庆日报,https://mp.weixin.qq.com/s/sXboeLIYjGBGc70KB75p3w,1,,,重庆市
重庆,綦江区,,赶水镇龙沧村4社,"106.817131,28.676157",,重庆日报,https://mp.weixin.qq.com/s/sXboeLIYjGBGc70KB75p3w,1,,,重庆市
重庆,綦江区,,文龙街道东五村梅子垭水库,,,重庆日报,https://mp.weixin.qq.com/s/sXboeLIYjGBGc70KB75p3w,1,,,重庆市
重庆,綦江区,,文龙街道金兰街康瑞苑,"106.649907,29.040839",,重庆日报,https://mp.weixin.qq.com/s/sXboeLIYjGBGc70KB75p3w,0,,,重庆市
重庆,綦江区,,文龙街道优山美地,"106.661661,29.032224",,重庆日报,https://mp.weixin.qq.com/s/sXboeLIYjGBGc70KB75p3w,0,,,重庆市
重庆,綦江区,,石角镇欧家村,"106.785751,28.872495",,重庆日报,https://mp.weixin.qq.com/s/sXboeLIYjGBGc70KB75p3w,0,,,重庆市
重庆,綦江区,,文龙街道枫丹小区,"106.644805,29.046675",,重庆日报,https://mp.weixin.qq.com/s/sXboeLIYjGBGc70KB75p3w,0,,,重庆市
重庆,綦江区,,文龙街道德信小区,"106.645968,29.045168",,重庆日报,https://mp.weixin.qq.com/s/sXboeLIYjGBGc70KB75p3w,0,,,重庆市
重庆,黔江区,,正阳街道天生湖万丽城,"108.808765,29.466615",,重庆发布,https://mp.weixin.qq.com/s/rmFI9I_m8opqo7qDn-3PBg,0,,,重庆市
重庆,黔江区,,石会镇黎明村7组,"108.606979,29.571722",,重庆发布,https://mp.weixin.qq.com/s/rmFI9I_m8opqo7qDn-3PBg,0,,,重庆市
重庆,江北区,,天宫殿街道动力国际B座,"106.554045,29.603653",,重庆两江新区信息公开网,http://xxgk.liangjiang.gov.cn/ljxqgzxxw_content/2020-02/07/content_610594.htm,0,,,重庆市
重庆,江北区,,天宫殿街道泰山大道东段62号动力国际B座8楼布丁酒店,"106.55401,29.603542",,重庆两江新区信息公开网,http://xxgk.liangjiang.gov.cn/ljxqgzxxw_content/2020-02/07/content_610602.htm,0,,,重庆市
重庆,江北区,,国奥村二期1单元1楼麻将馆,"106.460988,29.59265",,重庆日报,https://mp.weixin.qq.com/s/IcMuJBrJFLK75D4Y2drblA,0,,,重庆市
重庆,江北区,,渝生元老火锅,"106.463265,29.592746",,重庆日报,https://mp.weixin.qq.com/s/IcMuJBrJFLK75D4Y2drblA,0,,,重庆市
重庆,江北区,,第九城网咖,"106.461024,29.591757",,重庆日报,https://mp.weixin.qq.com/s/IcMuJBrJFLK75D4Y2drblA,0,,,重庆市
重庆,江北区,,观音桥泰兴电脑城,"106.529556,29.578415",,重庆日报,https://mp.weixin.qq.com/s/IcMuJBrJFLK75D4Y2drblA,0,,,重庆市
重庆,江北区,,五里店华润万家超市,"106.562374,29.581513",,重庆日报,https://mp.weixin.qq.com/s/IcMuJBrJFLK75D4Y2drblA,0,,,重庆市
重庆,江北区,,SM广场星巴克,"106.496008,29.582519",,重庆日报,https://mp.weixin.qq.com/s/IcMuJBrJFLK75D4Y2drblA,0,,,重庆市
重庆,江北区,,鲁能重百超市,"106.560422,29.595298",,重庆日报,https://mp.weixin.qq.com/s/IcMuJBrJFLK75D4Y2drblA,0,,,重庆市
重庆,江北区,,北城天街遇东岚餐厅,"106.534549,29.578126",,重庆日报,https://mp.weixin.qq.com/s/nTb-cBvJ2J6drp3vnxQFXQ,0,,,重庆市
重庆,江北区,,大竹林街道万科缇香郡,"106.522419,29.620205",,重庆两江新区信息公开网,http://xxgk.liangjiang.gov.cn/ljxqgzxxw_content/2020-02/07/content_610594.htm,0,,,重庆市
重庆,江北区,,金山街道奥林匹克花园7期,"106.564849,29.634471",,重庆两江新区信息公开网,http://xxgk.liangjiang.gov.cn/ljxqgzxxw_content/2020-02/07/content_610594.htm,0,,,重庆市
重庆,江北区,,天宫殿街道力帆枫樾,"106.542077,29.600008",,重庆两江新区信息公开网,http://xxgk.liangjiang.gov.cn/ljxqgzxxw_content/2020-02/07/content_610594.htm,0,,,重庆市
重庆,江北区,,天宫殿街道亚热带雅苑,"106.525548,29.609742",,重庆两江新区信息公开网,http://xxgk.liangjiang.gov.cn/ljxqgzxxw_content/2020-02/07/content_610594.htm,0,,,重庆市
重庆,江北区,,天宫殿街道荣鼎国际,"106.519151,29.609788",,重庆两江新区信息公开网,http://xxgk.liangjiang.gov.cn/ljxqgzxxw_content/2020-02/07/content_610594.htm,0,,,重庆市
重庆,江北区,,五江路18号光华龙都小区,"106.562521,29.579204",,重庆日报,https://mp.weixin.qq.com/s/IcMuJBrJFLK75D4Y2drblA,0,,,重庆市
重庆,江北区,,国惠路15号农场国奥村3期,"106.459464,29.590707",,重庆日报,https://mp.weixin.qq.com/s/IcMuJBrJFLK75D4Y2drblA,0,,,重庆市
重庆,江北区,,北滨一路363号招商江湾城小区,"106.535181,29.559821",,重庆日报,https://mp.weixin.qq.com/s/IcMuJBrJFLK75D4Y2drblA,0,,,重庆市
重庆,江北区,,北城3路65号融景城丽苑小区,"106.558375,29.574394",,重庆日报,https://mp.weixin.qq.com/s/IcMuJBrJFLK75D4Y2drblA,0,,,重庆市
重庆,江北区,,盘溪路266号南桥寺维丰南桥小区,"106.48341,29.588805",,重庆日报,https://mp.weixin.qq.com/s/IcMuJBrJFLK75D4Y2drblA,0,,,重庆市
重庆,江北区,,大石坝街道下石门253号,"106.486364,29.563882",,重庆日报,https://mp.weixin.qq.com/s/IcMuJBrJFLK75D4Y2drblA,0,,,重庆市
重庆,江北区,,海尔路鲁能星城小区八街区,"106.565518,29.596094",,重庆日报,https://mp.weixin.qq.com/s/IcMuJBrJFLK75D4Y2drblA,0,,,重庆市
重庆,江北区,,中海北滨一号天赋花园小区,"106.490291,29.56023",,重庆日报,https://mp.weixin.qq.com/s/IcMuJBrJFLK75D4Y2drblA,0,,,重庆市
重庆,江北区,,兴竹路19号鹏润蓝海C区,"106.527432,29.56178",,重庆日报,https://mp.weixin.qq.com/s/IcMuJBrJFLK75D4Y2drblA,0,,,重庆市
重庆,江北区,,建新东路76号银泰新苑小区,"106.538648,29.575387",,江北区卫生健康委,https://mp.weixin.qq.com/s/IcMuJBrJFLK75D4Y2drblA,0,,,重庆市
重庆,江北区,,华新街桥北社区261号,"106.536367,29.564669",,江北区卫生健康委,https://mp.weixin.qq.com/s/IcMuJBrJFLK75D4Y2drblA,0,,,重庆市
重庆,江北区,,渝北三村6-13号龙湖枫香庭小区,"106.535885,29.579116",,重庆日报,https://mp.weixin.qq.com/s/IcMuJBrJFLK75D4Y2drblA,0,,,重庆市
重庆,江北区,,南岸滨江路蓝杨风味庄,"106.575304,29.541335",,重庆日报,https://mp.weixin.qq.com/s/IcMuJBrJFLK75D4Y2drblA,0,,,重庆市
重庆,江北区,,观音桥北城天街遇东岚餐厅,"106.534549,29.578126",,重庆日报,https://mp.weixin.qq.com/s/IcMuJBrJFLK75D4Y2drblA,0,,,重庆市
重庆,江北区,,健安路30号南桥寺聚慧雅苑小区,"106.478595,29.589077",,重庆日报,https://mp.weixin.qq.com/s/IcMuJBrJFLK75D4Y2drblA,0,,,重庆市
重庆,江北区,,红土地100号,"106.550828,29.582793",,重庆日报,https://mp.weixin.qq.com/s/IcMuJBrJFLK75D4Y2drblA,0,,,重庆市
重庆,铜梁区,,南城街道龙都路400号,"106.047696,29.840452",,重庆日报,https://mp.weixin.qq.com/s/BGwkOJ95j8zqDcVZop6MdQ,0,,,重庆市
重庆,铜梁区,,旧县街道向阳街49号51号门市,"106.21,29.861142",,重庆日报,https://mp.weixin.qq.com/s/BGwkOJ95j8zqDcVZop6MdQ,0,,,重庆市
重庆,铜梁区,,大渡口星港路万吨冷储物流有限公司,"106.508064,29.416629",,重庆日报,https://mp.weixin.qq.com/s/BGwkOJ95j8zqDcVZop6MdQ,0,,,重庆市
重庆,铜梁区,,大庙镇长安街,"106.073416,29.638728",,重庆日报,https://mp.weixin.qq.com/s/BGwkOJ95j8zqDcVZop6MdQ,0,,,重庆市
重庆,铜梁区,,巴川街道白龙花园,"106.057188,29.823806",,重庆日报,https://mp.weixin.qq.com/s/FoesVFRAhegVAYfWzQyvXQ,0,,,重庆市
重庆,铜梁区,,蒲吕街道沙心村19组,"106.161797,29.854978",,重庆日报,https://mp.weixin.qq.com/s/FoesVFRAhegVAYfWzQyvXQ,0,,,重庆市
重庆,铜梁区,,旧县街道向阳街49号51号,"106.231766,29.587646",,重庆日报,https://mp.weixin.qq.com/s/FoesVFRAhegVAYfWzQyvXQ,0,,,重庆市
重庆,铜梁区,,九龙坡明品福物流冷库,"106.365336,29.441077",,重庆日报,https://mp.weixin.qq.com/s/FoesVFRAhegVAYfWzQyvXQ,0,,,重庆市
重庆,铜梁区,,巴川街道中南路55号,"106.060431,29.842833",,重庆日报,https://mp.weixin.qq.com/s/FoesVFRAhegVAYfWzQyvXQ,0,,,重庆市
重庆,铜梁区,,大庙镇文昌街,"106.073609,29.63857",,重庆日报,https://mp.weixin.qq.com/s/FoesVFRAhegVAYfWzQyvXQ,0,,,重庆市
重庆,铜梁区,,永辉超市,"106.065411,29.849129",,重庆日报,https://mp.weixin.qq.com/s/FoesVFRAhegVAYfWzQyvXQ,0,,,重庆市
重庆,铜梁区,,超联购物中心,"106.076696,29.849587",,重庆日报,https://mp.weixin.qq.com/s/FoesVFRAhegVAYfWzQyvXQ,0,,,重庆市
重庆,铜梁区,,万达广场,"106.07921,29.8356",,重庆日报,https://mp.weixin.qq.com/s/FoesVFRAhegVAYfWzQyvXQ,0,,,重庆市
重庆,铜梁区,,聚亿机械制造有限责任公司,"106.114501,29.856515",,重庆日报,https://mp.weixin.qq.com/s/FoesVFRAhegVAYfWzQyvXQ,0,,,重庆市
重庆,铜梁区,,铜梁区聚亿机械制造有限责任公司,,,重庆日报,https://mp.weixin.qq.com/s/FoesVFRAhegVAYfWzQyvXQ,0,,,重庆市
重庆,渝中区,,渝中区一段民安园,"106.566486,29.557021",,重庆日报,https://mp.weixin.qq.com/s/IcMuJBrJFLK75D4Y2drblA,0,,,重庆市
重庆,渝中区,,解放碑英利国际,"106.575266,29.555521",,重庆日报,https://mp.weixin.qq.com/s/IcMuJBrJFLK75D4Y2drblA,0,,,重庆市
重庆,渝中区,,上清寺,"106.545975,29.558418",,重庆日报,https://mp.weixin.qq.com/s/IcMuJBrJFLK75D4Y2drblA,0,,,重庆市
重庆,渝中区,,大坪永辉超市,"106.516496,29.541608",,重庆日报,https://mp.weixin.qq.com/s/KTztGwOI4GH5Hbz8XsPhnw,0,,,重庆市
重庆,渝中区,,重客隆超市黄沙溪店,"106.530167,29.537896",,重庆日报,https://mp.weixin.qq.com/s/KTztGwOI4GH5Hbz8XsPhnw,0,,,重庆市
重庆,渝中区,,肖家湾徐鼎盛饭店,"106.528917,29.575",,重庆日报,https://mp.weixin.qq.com/s/KTztGwOI4GH5Hbz8XsPhnw,0,,,重庆市
重庆,渝中区,,新世纪超市美专校街店,"106.546804,29.558271",,重庆日报,https://mp.weixin.qq.com/s/KTztGwOI4GH5Hbz8XsPhnw,0,,,重庆市
重庆,渝中区,,星河商务大厦,"106.570927,29.553088",,重庆日报,https://mp.weixin.qq.com/s/IcMuJBrJFLK75D4Y2drblA,0,,,重庆市
重庆,渝中区,,上清寺街道中山三路159号,"106.548349,29.55814",,重庆日报,https://mp.weixin.qq.com/s/KTztGwOI4GH5Hbz8XsPhnw,0,,,重庆市
重庆,渝中区,,石油路街道恒大名都,"106.506267,29.542219",,重庆日报,https://mp.weixin.qq.com/s/KTztGwOI4GH5Hbz8XsPhnw,0,,,重庆市
重庆,渝中区,,南纪门街道蔡家石堡7号,"106.569571,29.551879",,重庆日报,https://mp.weixin.qq.com/s/KTztGwOI4GH5Hbz8XsPhnw,0,,,重庆市
重庆,渝中区,,菜园坝街道黄沙溪,"106.529737,29.536861",,重庆日报,https://mp.weixin.qq.com/s/KTztGwOI4GH5Hbz8XsPhnw,0,,,重庆市
重庆,渝中区,,黄沙溪超市,"106.530695,29.53772",,重庆日报,https://mp.weixin.qq.com/s/KTztGwOI4GH5Hbz8XsPhnw,0,,,重庆市
重庆,渝中区,,乡村基上清寺店,"106.54743,29.559719",,重庆日报,https://mp.weixin.qq.com/s/KTztGwOI4GH5Hbz8XsPhnw,0,,,重庆市
重庆,渝中区,,牛角沱四海缘火锅店,"106.544404,29.555354",,重庆日报,https://mp.weixin.qq.com/s/KTztGwOI4GH5Hbz8XsPhnw,0,,,重庆市
重庆,渝中区,,学田湾新世纪超市,"106.551263,29.55923",,重庆日报,https://mp.weixin.qq.com/s/KTztGwOI4GH5Hbz8XsPhnw,0,,,重庆市
重庆,渝中区,,学田湾农贸市场,"106.552606,29.559303",,重庆日报,https://mp.weixin.qq.com/s/KTztGwOI4GH5Hbz8XsPhnw,0,,,重庆市
重庆,渝中区,,乡村基大坪店,"106.519672,29.540658",,重庆日报,https://mp.weixin.qq.com/s/KTztGwOI4GH5Hbz8XsPhnw,0,,,重庆市
重庆,渝中区,,大溪沟街道龙泉花园,"106.553544,29.565585",,重庆日报,https://mp.weixin.qq.com/s/KTztGwOI4GH5Hbz8XsPhnw,0,,,重庆市
重庆,渝中区,,大坪街道和泓江山国际,"106.526862,29.541273",,重庆日报,https://mp.weixin.qq.com/s/KTztGwOI4GH5Hbz8XsPhnw,0,,,重庆市
重庆,渝中区,,化龙桥街道嘉韵山水城,"106.524074,29.549373",,重庆日报,https://mp.weixin.qq.com/s/KTztGwOI4GH5Hbz8XsPhnw,0,,,重庆市
重庆,渝中区,,七星岗街道领事巷6号,"106.565448,29.552099",,重庆日报,https://mp.weixin.qq.com/s/KTztGwOI4GH5Hbz8XsPhnw,0,,,重庆市
重庆,渝中区,,菜园坝街道民新花园,"106.527728,29.536058",,重庆日报,https://mp.weixin.qq.com/s/KTztGwOI4GH5Hbz8XsPhnw,0,,,重庆市
重庆,渝中区,,菜园坝街道江屿朗廷,"106.526677,29.539302",,重庆日报,https://mp.weixin.qq.com/s/KTztGwOI4GH5Hbz8XsPhnw,0,,,重庆市
重庆,渝中区,,上清寺街道交通巷8号,"106.54484,29.557214",,重庆日报,https://mp.weixin.qq.com/s/KTztGwOI4GH5Hbz8XsPhnw,0,,,重庆市
重庆,渝中区,,上清寺街道学田湾正街93号,"106.549196,29.55935",,重庆日报,https://mp.weixin.qq.com/s/KTztGwOI4GH5Hbz8XsPhnw,0,,,重庆市
重庆,渝中区,,乡村基上清寺店（中昂世纪环岛）,"106.54743,29.559719",,重庆日报,https://mp.weixin.qq.com/s/FoesVFRAhegVAYfWzQyvXQ,0,,,重庆市
重庆,渝中区,,长寿云台镇,"107.210006,30.134529",,重庆日报,https://mp.weixin.qq.com/s/FoesVFRAhegVAYfWzQyvXQ,0,,,重庆市
重庆,北碚区,,重庆自然博物馆,"106.407783,29.818821",,重庆日报,https://mp.weixin.qq.com/s/IcMuJBrJFLK75D4Y2drblA,0,,,重庆市
重庆,大足区,,邮亭镇金地阳光小区,"105.742673,29.427759",,重庆日报,https://mp.weixin.qq.com/s/FoesVFRAhegVAYfWzQyvXQ,0,,,重庆市
重庆,大足区,,绿地海棠湾,"105.749603,29.678745",,重庆日报,https://mp.weixin.qq.com/s/FoesVFRAhegVAYfWzQyvXQ,0,,,重庆市
重庆,大足区,,邮亭镇九滩村,"105.757603,29.404274",,重庆日报,https://mp.weixin.qq.com/s/FoesVFRAhegVAYfWzQyvXQ,0,,,重庆市
重庆,大足区,,邮亭镇新利村,"105.753051,29.393357",,重庆日报,https://mp.weixin.qq.com/s/FoesVFRAhegVAYfWzQyvXQ,0,,,重庆市
重庆,大足区,,通桥街道茅店社区,"105.771063,29.519245",,重庆日报,https://mp.weixin.qq.com/s/FoesVFRAhegVAYfWzQyvXQ,0,,,重庆市
重庆,大足区,,邮亭镇复兴村,"105.762419,29.519163",,重庆日报,https://mp.weixin.qq.com/s/FoesVFRAhegVAYfWzQyvXQ,0,,,重庆市
重庆,万州区,,分水海豚湾婴儿游泳馆,"106.368433,29.763474",,重庆日报,https://mp.weixin.qq.com/s/iCPJi_2KQOQWR8sKkJIdBA,0,,,重庆市
重庆,万州区,,牌楼街道清明路,"108.371351,30.797613",,重庆发布,https://mp.weixin.qq.com/s/rmFI9I_m8opqo7qDn-3PBg,0,,,重庆市
重庆,万州区,,武陵镇将军路,"108.253693,30.501412",,重庆发布,https://mp.weixin.qq.com/s/rmFI9I_m8opqo7qDn-3PBg,0,,,重庆市
重庆,万州区,,陈家坝街道中恒江南第一城,"108.407059,30.813408",,重庆发布,https://mp.weixin.qq.com/s/rmFI9I_m8opqo7qDn-3PBg,0,,,重庆市
重庆,万州区,,钟鼓楼街道桑树坪社区,"108.422731,30.837209",,重庆发布,https://mp.weixin.qq.com/s/rmFI9I_m8opqo7qDn-3PBg,0,,,重庆市
重庆,万州区,,钟鼓楼街道北山鸡冠梁一巷,"108.392757,30.823812",,重庆发布,https://mp.weixin.qq.com/s/rmFI9I_m8opqo7qDn-3PBg,0,,,重庆市
重庆,万州区,,太白街道后街金座小区,"108.37333,30.814949",,重庆发布,https://mp.weixin.qq.com/s/rmFI9I_m8opqo7qDn-3PBg,0,,,重庆市
重庆,万州区,,熊家镇贵方小区,"108.439021,30.898918",,重庆发布,https://mp.weixin.qq.com/s/rmFI9I_m8opqo7qDn-3PBg,0,,,重庆市
重庆,万州区,,陈家坝街道江南大道,"108.41068,30.800394",,重庆日报,https://mp.weixin.qq.com/s/BoT22TX0iv7a9mJpOJ_8-A,0,,,重庆市
重庆,万州区,,双河口街道富康花园,"108.373393,30.755939",,重庆日报,https://mp.weixin.qq.com/s/BoT22TX0iv7a9mJpOJ_8-A,0,,,重庆市
重庆,万州区,,高笋塘街道白岩书院,"108.376836,30.806938",,重庆日报,https://mp.weixin.qq.com/s/BoT22TX0iv7a9mJpOJ_8-A,0,,,重庆市
重庆,万州区,,太白街道发顺金都,"108.37145,30.815228",,重庆发布,https://mp.weixin.qq.com/s/rmFI9I_m8opqo7qDn-3PBg,0,,,重庆市
重庆,万州区,,分水镇黄泥凼村,"108.490529,30.89113",,重庆发布,https://mp.weixin.qq.com/s/rmFI9I_m8opqo7qDn-3PBg,0,,,重庆市
重庆,万州区,,李河镇油房坝社区,"108.202033,30.789906",,重庆发布,https://mp.weixin.qq.com/s/rmFI9I_m8opqo7qDn-3PBg,0,,,重庆市
重庆,万州区,,钟鼓楼街道陶家坪,"108.396742,30.826648",,重庆发布,https://mp.weixin.qq.com/s/rmFI9I_m8opqo7qDn-3PBg,0,,,重庆市
重庆,万州区,,天城镇天熊路,"108.40867,30.882233",,重庆发布,https://mp.weixin.qq.com/s/rmFI9I_m8opqo7qDn-3PBg,0,,,重庆市
重庆,万州区,,高笋塘街道春天花园,"108.375596,30.799503",,重庆日报,https://mp.weixin.qq.com/s/BoT22TX0iv7a9mJpOJ_8-A,0,,,重庆市
重庆,万州区,,长滩镇羊渠街,"108.6072,30.735013",,重庆日报,https://mp.weixin.qq.com/s/BoT22TX0iv7a9mJpOJ_8-A,0,,,重庆市
重庆,万州区,,周家坝街道富康苑,"108.373393,30.755939",,重庆日报,https://mp.weixin.qq.com/s/BoT22TX0iv7a9mJpOJ_8-A,0,,,重庆市
重庆,万州区,,百安坝街道上海大道,"108.448137,30.764468",,重庆日报,https://mp.weixin.qq.com/s/BoT22TX0iv7a9mJpOJ_8-A,0,,,重庆市
重庆,万州区,,百安坝街道安庆路,"108.442353,30.758861",,重庆日报,https://mp.weixin.qq.com/s/BoT22TX0iv7a9mJpOJ_8-A,0,,,重庆市
重庆,万州区,,武陵镇下中村,"108.262723,30.517998",,重庆日报,https://mp.weixin.qq.com/s/BoT22TX0iv7a9mJpOJ_8-A,0,,,重庆市
重庆,万州区,,响水镇总角村,"108.208199,30.666162",,重庆日报,https://mp.weixin.qq.com/s/BoT22TX0iv7a9mJpOJ_8-A,0,,,重庆市
重庆,万州区,,周家坝申明大道,"108.364059,30.851208",,重庆日报,https://mp.weixin.qq.com/s/BoT22TX0iv7a9mJpOJ_8-A,0,,,重庆市
重庆,万州区,,两江新区金山汇酒店,"106.569778,29.644346",,重庆日报,https://mp.weixin.qq.com/s/BoT22TX0iv7a9mJpOJ_8-A,0,,,重庆市
重庆,万州区,,武陵镇禹安村,"108.242066,30.470975",,重庆日报,https://mp.weixin.qq.com/s/BoT22TX0iv7a9mJpOJ_8-A,0,,,重庆市
重庆,万州区,,牌楼街道清明街,"108.370681,30.800032",,重庆日报,https://mp.weixin.qq.com/s/BoT22TX0iv7a9mJpOJ_8-A,0,,,重庆市
重庆,万州区,,长坪乡大树村,"108.405206,30.832118",,重庆日报,https://mp.weixin.qq.com/s/BoT22TX0iv7a9mJpOJ_8-A,0,,,重庆市
重庆,万州区,,钟鼓楼棉花地外贸车队宿舍,"108.383581,30.821564",,重庆日报,https://mp.weixin.qq.com/s/BoT22TX0iv7a9mJpOJ_8-A,0,,,重庆市
重庆,万州区,,高笋塘万州商都,"108.37782,30.809298",,重庆日报,https://mp.weixin.qq.com/s/BoT22TX0iv7a9mJpOJ_8-A,0,,,重庆市
重庆,万州区,,鼓楼街道北山支路,"108.387783,30.824959",,重庆日报,https://mp.weixin.qq.com/s/BoT22TX0iv7a9mJpOJ_8-A,0,,,重庆市
重庆,万州区,,江南小八仙,"108.403547,30.798847",,重庆日报,https://mp.weixin.qq.com/s/BoT22TX0iv7a9mJpOJ_8-A,0,,,重庆市
重庆,万州区,,江南李掌柜火锅,"108.403479,30.798981",,重庆日报,https://mp.weixin.qq.com/s/BoT22TX0iv7a9mJpOJ_8-A,0,,,重庆市
重庆,万州区,,陈家坝街道南山绿庭,"108.413351,30.802377",,重庆日报,https://mp.weixin.qq.com/s/BoT22TX0iv7a9mJpOJ_8-A,0,,,重庆市
重庆,万州区,,果园路森记火锅,"106.480234,29.462306",,重庆日报,https://mp.weixin.qq.com/s/BoT22TX0iv7a9mJpOJ_8-A,0,,,重庆市
重庆,万州区,,鼓楼街道北山鸡冠梁,"108.390488,30.825259",,重庆日报,https://mp.weixin.qq.com/s/BoT22TX0iv7a9mJpOJ_8-A,0,,,重庆市
重庆,万州区,,翠屏山,"108.418583,30.80834",,重庆日报,https://mp.weixin.qq.com/s/BoT22TX0iv7a9mJpOJ_8-A,0,,,重庆市
重庆,万州区,,鼓楼街道桑树坪,"108.383086,30.806857",,重庆日报,https://mp.weixin.qq.com/s/BoT22TX0iv7a9mJpOJ_8-A,0,,,重庆市
重庆,万州区,,江南新区第一城,"108.408663,30.813562",,重庆日报,https://mp.weixin.qq.com/s/BoT22TX0iv7a9mJpOJ_8-A,0,,,重庆市
重庆,万州区,,钟鼓楼街道清江上城,"108.387472,30.818998",,重庆日报,https://mp.weixin.qq.com/s/BoT22TX0iv7a9mJpOJ_8-A,0,,,重庆市
重庆,万州区,,百安坝街道万川大道,"108.441089,30.76704",,重庆日报,https://mp.weixin.qq.com/s/BoT22TX0iv7a9mJpOJ_8-A,0,,,重庆市
重庆,万州区,,太白街道天仙湖棕榈长滩,"108.353097,30.821216",,重庆日报,https://mp.weixin.qq.com/s/BoT22TX0iv7a9mJpOJ_8-A,0,,,重庆市
重庆,万州区,,熊家镇响应村,"108.442632,30.899421",,重庆日报,https://mp.weixin.qq.com/s/BoT22TX0iv7a9mJpOJ_8-A,0,,,重庆市
重庆,万州区,,太白街道后街金座,"108.37333,30.814949",,重庆日报,https://mp.weixin.qq.com/s/BoT22TX0iv7a9mJpOJ_8-A,0,,,重庆市
重庆,万州区,,牌楼街道天然气公司宿舍,"108.38319,30.798088",,重庆日报,https://mp.weixin.qq.com/s/BoT22TX0iv7a9mJpOJ_8-A,0,,,重庆市
重庆,万州区,,未来老火锅,,,重庆日报,https://mp.weixin.qq.com/s/BoT22TX0iv7a9mJpOJ_8-A,0,,,重庆市
重庆,万州区,,北山顺水鱼,"108.397927,30.82404",,重庆日报,https://mp.weixin.qq.com/s/BoT22TX0iv7a9mJpOJ_8-A,0,,,重庆市
重庆,万州区,,白岩二支路71号餐厅,"108.37367,30.815432",,重庆日报,https://mp.weixin.qq.com/s/BoT22TX0iv7a9mJpOJ_8-A,0,,,重庆市
重庆,万州区,,长坪乡弹子村,"108.294883,30.440601",,重庆日报,https://mp.weixin.qq.com/s/BoT22TX0iv7a9mJpOJ_8-A,0,,,重庆市
重庆,万州区,,太白街道滨湖花园,"108.367435,30.821889",,重庆日报,https://mp.weixin.qq.com/s/BoT22TX0iv7a9mJpOJ_8-A,0,,,重庆市
重庆,万州区,,铁峰乡箭楼村,"108.399249,30.984975",,重庆日报,https://mp.weixin.qq.com/s/BoT22TX0iv7a9mJpOJ_8-A,0,,,重庆市
重庆,万州区,,长滩镇白岩村,"108.599703,30.702264",,重庆日报,https://mp.weixin.qq.com/s/BoT22TX0iv7a9mJpOJ_8-A,0,,,重庆市
重庆,万州区,,钟鼓楼街道枇杷坪金顺景苑,"108.41117,30.834098",,重庆日报,https://mp.weixin.qq.com/s/BoT22TX0iv7a9mJpOJ_8-A,0,,,重庆市
重庆,万州区,,王家坡菜市场,"108.380779,30.802591",,重庆日报,https://mp.weixin.qq.com/s/BoT22TX0iv7a9mJpOJ_8-A,0,,,重庆市
重庆,万州区,,龙都街道汇景苑,"108.4117,30.766506",,重庆日报,https://mp.weixin.qq.com/s/BoT22TX0iv7a9mJpOJ_8-A,0,,,重庆市
重庆,万州区,,太白街道水晶郦城,"108.359451,30.817002",,重庆日报,https://mp.weixin.qq.com/s/BoT22TX0iv7a9mJpOJ_8-A,0,,,重庆市
重庆,万州区,,甘宁镇围灯村,"108.322285,30.638357",,重庆日报,https://mp.weixin.qq.com/s/BoT22TX0iv7a9mJpOJ_8-A,0,,,重庆市
重庆,万州区,,万州汽车南站,"108.443225,30.765681",,重庆日报,https://mp.weixin.qq.com/s/BoT22TX0iv7a9mJpOJ_8-A,0,,,重庆市
重庆,万州区,,龙都广场海事局,"108.408754,30.766676",,重庆日报,https://mp.weixin.qq.com/s/BoT22TX0iv7a9mJpOJ_8-A,0,,,重庆市
重庆,万州区,,移民广场999,"108.38829,30.802595",,重庆日报,https://mp.weixin.qq.com/s/BoT22TX0iv7a9mJpOJ_8-A,0,,,重庆市
重庆,万州区,,孙家书房君悦宾馆,"108.377191,30.815072",,重庆日报,https://mp.weixin.qq.com/s/BoT22TX0iv7a9mJpOJ_8-A,0,,,重庆市
重庆,万州区,,长坪乡农贸市场,"108.367058,30.814255",,重庆日报,https://mp.weixin.qq.com/s/BoT22TX0iv7a9mJpOJ_8-A,0,,,重庆市
重庆,万州区,,分水镇红豆村3组,"108.086363,30.658969",,重庆日报,https://mp.weixin.qq.com/s/BoT22TX0iv7a9mJpOJ_8-A,0,,,重庆市
重庆,万州区,,复兴路,"108.313338,30.552066",,重庆日报,https://mp.weixin.qq.com/s/BoT22TX0iv7a9mJpOJ_8-A,0,,,重庆市
重庆,万州区,,分水镇海豚湾婴儿游泳馆,"106.368433,29.763474",,重庆日报,https://mp.weixin.qq.com/s/BoT22TX0iv7a9mJpOJ_8-A,0,,,重庆市
重庆,万州区,,钟鼓楼街道北滨三段北滨华府,"108.39537,30.823039",,重庆日报,https://mp.weixin.qq.com/s/BoT22TX0iv7a9mJpOJ_8-A,0,,,重庆市
重庆,万州区,,天城镇万河村1组,"108.366114,30.890614",,重庆日报,https://mp.weixin.qq.com/s/BoT22TX0iv7a9mJpOJ_8-A,0,,,重庆市
重庆,万州区,,陈家坝南山玉林小区,"108.412438,30.814458",,重庆日报,https://mp.weixin.qq.com/s/BoT22TX0iv7a9mJpOJ_8-A,0,,,重庆市
重庆,万州区,,王牌路永辉超市购物,"108.377762,30.799321",,重庆日报,https://mp.weixin.qq.com/s/BoT22TX0iv7a9mJpOJ_8-A,0,,,重庆市
重庆,万州区,,四季花城,"108.410653,30.768728",,重庆日报,https://mp.weixin.qq.com/s/BoT22TX0iv7a9mJpOJ_8-A,0,,,重庆市
重庆,万州区,,铁峰新街,"108.403563,30.968886",,重庆日报,https://mp.weixin.qq.com/s/BoT22TX0iv7a9mJpOJ_8-A,0,,,重庆市
重庆,万州区,,小天鹅,"108.361857,30.815661",,重庆日报,https://mp.weixin.qq.com/s/BoT22TX0iv7a9mJpOJ_8-A,0,,,重庆市
重庆,万州区,,钟鼓楼街道山水国际小区11号楼,"108.394414,30.826181",,重庆日报,https://mp.weixin.qq.com/s/BoT22TX0iv7a9mJpOJ_8-A,0,,,重庆市
重庆,万州区,,龙宝大街实惠酒楼,"108.386841,30.757226",,重庆日报,https://mp.weixin.qq.com/s/BoT22TX0iv7a9mJpOJ_8-A,0,,,重庆市
重庆,万州区,,五桥众本混凝土有限公司,"108.414384,30.736784",,重庆日报,https://mp.weixin.qq.com/s/BoT22TX0iv7a9mJpOJ_8-A,0,,,重庆市
重庆,万州区,,分水镇大兴村,"108.043569,30.644896",,重庆日报,https://mp.weixin.qq.com/s/BoT22TX0iv7a9mJpOJ_8-A,0,,,重庆市
重庆,万州区,,牌楼街道金泉阳光花园,"108.395159,30.772151",,重庆日报,https://mp.weixin.qq.com/s/BoT22TX0iv7a9mJpOJ_8-A,0,,,重庆市
重庆,万州区,,江山龙苑,"108.390304,30.786718",,重庆日报,https://mp.weixin.qq.com/s/BoT22TX0iv7a9mJpOJ_8-A,0,,,重庆市
重庆,万州区,,太白街道太白村,"108.360753,30.808249",,重庆日报,https://mp.weixin.qq.com/s/iCPJi_2KQOQWR8sKkJIdBA,0,,,重庆市
重庆,万州区,,重百超市,"108.374435,30.811638",,重庆日报,https://mp.weixin.qq.com/s/iCPJi_2KQOQWR8sKkJIdBA,0,,,重庆市
重庆,万州区,,分水君祥酒楼,"108.086835,30.716351",,重庆日报,https://mp.weixin.qq.com/s/iCPJi_2KQOQWR8sKkJIdBA,0,,,重庆市
重庆,万州区,,白羊镇源河路,"108.616815,30.814022",,重庆日报,https://mp.weixin.qq.com/s/iCPJi_2KQOQWR8sKkJIdBA,0,,,重庆市
重庆,万州区,,长坪乡长坪社区,"108.253365,30.439831",,重庆日报,https://mp.weixin.qq.com/s/iCPJi_2KQOQWR8sKkJIdBA,0,,,重庆市
重庆,万州区,,牌楼街道御景江城,"108.386902,30.785831",,重庆日报,https://mp.weixin.qq.com/s/iCPJi_2KQOQWR8sKkJIdBA,0,,,重庆市
重庆,万州区,,太白街道桂花路,"108.370224,30.81271",,重庆日报,https://mp.weixin.qq.com/s/iCPJi_2KQOQWR8sKkJIdBA,0,,,重庆市
重庆,万州区,,棉花地外贸车队2栋,"108.383134,30.822947",,重庆日报,https://mp.weixin.qq.com/s/iCPJi_2KQOQWR8sKkJIdBA,0,,,重庆市
重庆,万州区,,音乐广场,"108.395035,30.822094",,重庆日报,https://mp.weixin.qq.com/s/iCPJi_2KQOQWR8sKkJIdBA,0,,,重庆市
重庆,万州区,,北滨大道二段天仙湖棕榈长滩,"108.353097,30.821216",,重庆日报,https://mp.weixin.qq.com/s/iCPJi_2KQOQWR8sKkJIdBA,0,,,重庆市
重庆,万州区,,万州时代印象住所,"108.38205,30.778959",,重庆日报,https://mp.weixin.qq.com/s/iCPJi_2KQOQWR8sKkJIdBA,0,,,重庆市
重庆,万州区,,万达广场矢量咖啡店,"108.384774,30.811048",,重庆日报,https://mp.weixin.qq.com/s/iCPJi_2KQOQWR8sKkJIdBA,0,,,重庆市
重庆,万州区,,万达永辉超市,"108.388279,30.780784",,重庆日报,https://mp.weixin.qq.com/s/iCPJi_2KQOQWR8sKkJIdBA,0,,,重庆市
重庆,万州区,,白羊镇三湾路,"108.613193,30.814754",,重庆日报,https://mp.weixin.qq.com/s/iCPJi_2KQOQWR8sKkJIdBA,0,,,重庆市
重庆,万州区,,牌楼街道御景江城12号楼,"108.387756,30.787319",,重庆日报,https://mp.weixin.qq.com/s/iCPJi_2KQOQWR8sKkJIdBA,0,,,重庆市
重庆,万州区,,后街金座后街大全羊,"108.382912,30.821881",,重庆日报,https://mp.weixin.qq.com/s/iCPJi_2KQOQWR8sKkJIdBA,0,,,重庆市
重庆,万州区,,钟鼓楼街道山水国际小区1号楼,"108.394414,30.826181",,重庆日报,https://mp.weixin.qq.com/s/iCPJi_2KQOQWR8sKkJIdBA,0,,,重庆市
重庆,万州区,,鸡冠梁农贸市场,"108.391419,30.82363",,重庆日报,https://mp.weixin.qq.com/s/iCPJi_2KQOQWR8sKkJIdBA,0,,,重庆市
重庆,万州区,,陈家坝街道南山绿庭26栋,"108.413351,30.802377",,重庆日报,https://mp.weixin.qq.com/s/iCPJi_2KQOQWR8sKkJIdBA,0,,,重庆市
重庆,万州区,,会展广场飞儿串串,"108.381716,30.800867",,重庆日报,https://mp.weixin.qq.com/s/iCPJi_2KQOQWR8sKkJIdBA,0,,,重庆市
重庆,万州区,,分水镇陈家院子,"106.454997,29.75907",,重庆日报,https://mp.weixin.qq.com/s/iCPJi_2KQOQWR8sKkJIdBA,0,,,重庆市
重庆,万州区,,独一冲羊肉馆,,,重庆日报,https://mp.weixin.qq.com/s/iCPJi_2KQOQWR8sKkJIdBA,0,,,重庆市
重庆,万州区,,“独一冲”羊肉馆,"108.15815,29.287264",,重庆日报,https://mp.weixin.qq.com/s/iCPJi_2KQOQWR8sKkJIdBA,0,,,重庆市
重庆,涪陵区,,红碑村,"107.571076,29.822275",,重庆发布,https://mp.weixin.qq.com/s/rmFI9I_m8opqo7qDn-3PBg,1,,,重庆市
重庆,涪陵区,,均田村,"107.317974,29.59044",,重庆发布,https://mp.weixin.qq.com/s/rmFI9I_m8opqo7qDn-3PBg,1,,,重庆市
重庆,涪陵区,,南沱镇红碑村,"107.571076,29.822275",,重庆日报,https://mp.weixin.qq.com/s/iCPJi_2KQOQWR8sKkJIdBA,0,,,重庆市
重庆,涪陵区,,马武镇均田村,"107.317974,29.59044",,重庆日报,https://mp.weixin.qq.com/s/iCPJi_2KQOQWR8sKkJIdBA,0,,,重庆市
重庆,涪陵区,,马武农贸市场,"107.319711,29.591859",,重庆日报,https://mp.weixin.qq.com/s/iCPJi_2KQOQWR8sKkJIdBA,0,,,重庆市
重庆,涪陵区,,涪陵北,"107.277572,29.770061",,重庆日报,https://mp.weixin.qq.com/s/iCPJi_2KQOQWR8sKkJIdBA,0,,,重庆市
重庆,开州区,,丰乐街道,"108.431056,31.20521",,重庆日报,https://mp.weixin.qq.com/s/S7a-QsX3-pOWu3pF78zjAQ,1,,,重庆市
重庆,开州区,,白鹤街道,"108.468424,31.267661",,重庆日报,https://mp.weixin.qq.com/s/S7a-QsX3-pOWu3pF78zjAQ,1,,,重庆市
重庆,开州区,,赵家街道,"108.418062,31.079061",,重庆日报,https://mp.weixin.qq.com/s/S7a-QsX3-pOWu3pF78zjAQ,1,,,重庆市
重庆,开州区,,岳溪镇邮政街,"108.171396,30.911644",,重庆发布,https://mp.weixin.qq.com/s/rmFI9I_m8opqo7qDn-3PBg,1,,,重庆市
重庆,开州区,,吉祥佳苑,"108.431058,31.174879",,重庆发布,https://mp.weixin.qq.com/s/rmFI9I_m8opqo7qDn-3PBg,1,,,重庆市
重庆,开州区,,云枫苑,"108.373552,31.165053",,重庆发布,https://mp.weixin.qq.com/s/rmFI9I_m8opqo7qDn-3PBg,1,,,重庆市
重庆,开州区,,迎仙二环路望江大楼,"108.42658,31.194195",,重庆发布,https://mp.weixin.qq.com/s/rmFI9I_m8opqo7qDn-3PBg,1,,,重庆市
重庆,开州区,,登云村,"108.537763,31.258601",,重庆发布,https://mp.weixin.qq.com/s/rmFI9I_m8opqo7qDn-3PBg,1,,,重庆市
重庆,开州区,,凤翔街食品站,"108.425534,31.087566",,重庆发布,https://mp.weixin.qq.com/s/rmFI9I_m8opqo7qDn-3PBg,1,,,重庆市
重庆,开州区,,裕华街,"108.428878,31.087854",,重庆发布,https://mp.weixin.qq.com/s/rmFI9I_m8opqo7qDn-3PBg,1,,,重庆市
重庆,开州区,,茶竹村,"108.415595,31.009003",,重庆发布,https://mp.weixin.qq.com/s/rmFI9I_m8opqo7qDn-3PBg,1,,,重庆市
重庆,开州区,,厚坝镇青坪村,"108.501658,31.227541",,重庆发布,https://mp.weixin.qq.com/s/rmFI9I_m8opqo7qDn-3PBg,1,,,重庆市
重庆,开州区,,厚坝镇复兴街,"108.518554,31.208907",,重庆发布,https://mp.weixin.qq.com/s/rmFI9I_m8opqo7qDn-3PBg,1,,,重庆市
重庆,开州区,,铁桥镇银桥社区南湖街,,,重庆发布,https://mp.weixin.qq.com/s/rmFI9I_m8opqo7qDn-3PBg,1,,,重庆市
重庆,开州区,,汉丰街道安康1号院,"108.393596,31.17445",,重庆日报,https://mp.weixin.qq.com/s/S7a-QsX3-pOWu3pF78zjAQ,0,,,重庆市
重庆,开州区,,厚坝祁美均诊所,,,重庆日报,https://mp.weixin.qq.com/s/S7a-QsX3-pOWu3pF78zjAQ,0,,,重庆市
重庆,开州区,,铁桥镇,"108.126538,31.036679",,重庆日报,https://mp.weixin.qq.com/s/S7a-QsX3-pOWu3pF78zjAQ,0,,,重庆市
重庆,开州区,,馨苑,"108.379379,31.162461",,重庆日报,https://mp.weixin.qq.com/s/S7a-QsX3-pOWu3pF78zjAQ,0,,,重庆市
重庆,开州区,,岳溪镇黎远宽药店,"108.359078,31.164463",,重庆日报,https://mp.weixin.qq.com/s/S7a-QsX3-pOWu3pF78zjAQ,0,,,重庆市
重庆,开州区,,明镜石公园,"108.419445,31.174819",,重庆日报,https://mp.weixin.qq.com/s/S7a-QsX3-pOWu3pF78zjAQ,0,,,重庆市
重庆,开州区,,汉丰街道,"108.410079,31.166564",,重庆日报,https://mp.weixin.qq.com/s/S7a-QsX3-pOWu3pF78zjAQ,0,,,重庆市
重庆,开州区,,盛山社区北环路,"108.417229,31.192418",,重庆发布,https://mp.weixin.qq.com/s/rmFI9I_m8opqo7qDn-3PBg,1,,,重庆市
重庆,开州区,,中央国际二组团,"108.401779,31.17309",,重庆发布,https://mp.weixin.qq.com/s/rmFI9I_m8opqo7qDn-3PBg,1,,,重庆市
重庆,开州区,,金科天湖印,"108.433617,31.180848",,重庆发布,https://mp.weixin.qq.com/s/rmFI9I_m8opqo7qDn-3PBg,1,,,重庆市
重庆,开州区,,中吉社区,"108.426614,31.173894",,重庆发布,https://mp.weixin.qq.com/s/rmFI9I_m8opqo7qDn-3PBg,1,,,重庆市
重庆,开州区,,侨城半岛,"108.416484,31.176524",,重庆发布,https://mp.weixin.qq.com/s/rmFI9I_m8opqo7qDn-3PBg,1,,,重庆市
重庆,开州区,,满月乡,"108.569325,31.616554",,重庆日报,https://mp.weixin.qq.com/s/iCPJi_2KQOQWR8sKkJIdBA,0,,,重庆市
重庆,开州区,,汉丰街道周贤军诊所,"108.404527,31.175726",,重庆日报,https://mp.weixin.qq.com/s/S7a-QsX3-pOWu3pF78zjAQ,0,,,重庆市
重庆,开州区,,随园大酒店,"108.395095,31.164265",,重庆日报,https://mp.weixin.qq.com/s/S7a-QsX3-pOWu3pF78zjAQ,0,,,重庆市
重庆,开州区,,白桥镇桂花村6组,"107.343881,31.987697",,重庆日报,https://mp.weixin.qq.com/s/S7a-QsX3-pOWu3pF78zjAQ,0,,,重庆市
重庆,开州区,,赵家街道赵市村卫生室,"108.426376,31.087587",,重庆日报,https://mp.weixin.qq.com/s/S7a-QsX3-pOWu3pF78zjAQ,0,,,重庆市
重庆,开州区,,文峰街道,"108.42371,31.174709",,重庆日报,https://mp.weixin.qq.com/s/S7a-QsX3-pOWu3pF78zjAQ,0,,,重庆市
重庆,开州区,,金科天湖印大门外民康诊所,"108.439685,31.178224",,重庆日报,https://mp.weixin.qq.com/s/S7a-QsX3-pOWu3pF78zjAQ,0,,,重庆市
重庆,开州区,,赵家街道陈中学诊所,"108.428912,31.088816",,重庆日报,https://mp.weixin.qq.com/s/S7a-QsX3-pOWu3pF78zjAQ,0,,,重庆市
重庆,开州区,,何克礼诊所,"108.425319,31.085145",,重庆日报,https://mp.weixin.qq.com/s/S7a-QsX3-pOWu3pF78zjAQ,0,,,重庆市
重庆,开州区,,厚坝镇,"108.487091,31.199003",,重庆日报,https://mp.weixin.qq.com/s/S7a-QsX3-pOWu3pF78zjAQ,0,,,重庆市
重庆,开州区,,得月楼饭店,"108.447389,31.181913",,重庆日报,https://mp.weixin.qq.com/s/S7a-QsX3-pOWu3pF78zjAQ,0,,,重庆市
重庆,城口县,,坪坝镇前进村4组,"107.482365,29.269786",,重庆日报,https://mp.weixin.qq.com/s/iCPJi_2KQOQWR8sKkJIdBA,0,,,重庆市
重庆,城口县,,坪坝镇木瓜口,"108.549377,31.961255",,重庆日报,https://mp.weixin.qq.com/s/iCPJi_2KQOQWR8sKkJIdBA,0,,,重庆市
重庆,城口县,,坪坝场镇,"108.517354,31.997351",,重庆日报,https://mp.weixin.qq.com/s/iCPJi_2KQOQWR8sKkJIdBA,0,,,重庆市
重庆,城口县,,沿河乡红岩村4组,"108.454363,31.991576",,重庆日报,https://mp.weixin.qq.com/s/iCPJi_2KQOQWR8sKkJIdBA,0,,,重庆市
重庆,秀山县,,九点利欧宝宝,"108.991593,28.445279",,重庆日报,https://mp.weixin.qq.com/s/iCPJi_2KQOQWR8sKkJIdBA,0,,,重庆市
重庆,秀山县,,花灯广场“三福”店,"108.99085,28.443916",,重庆日报,https://mp.weixin.qq.com/s/iCPJi_2KQOQWR8sKkJIdBA,0,,,重庆市
重庆,秀山县,,周杰饭店,"109.003247,28.456429",,重庆日报,https://mp.weixin.qq.com/s/iCPJi_2KQOQWR8sKkJIdBA,0,,,重庆市
重庆,秀山县,,美丽泽京,"108.993644,28.433668",,重庆日报,https://mp.weixin.qq.com/s/iCPJi_2KQOQWR8sKkJIdBA,0,,,重庆市
重庆,秀山县,,花灯广场“白师傅”蛋糕店,"108.996878,28.445471",,重庆日报,https://mp.weixin.qq.com/s/iCPJi_2KQOQWR8sKkJIdBA,0,,,重庆市
重庆,秀山县,,九点利hellobaby童装店,"108.991593,28.445279",,重庆日报,https://mp.weixin.qq.com/s/iCPJi_2KQOQWR8sKkJIdBA,0,,,重庆市
重庆,巴南区,,渝南大道旭辉乐活城,"106.544707,29.40183",,重庆日报,https://mp.weixin.qq.com/s/TgegU79cKAwmtBloSettoA,0,,,重庆市
重庆,巴南区,,华南城批发市场,"106.625719,29.322778",,重庆日报,https://mp.weixin.qq.com/s/UMAWNNdtvm3I-VTtaryP6w,0,,,重庆市
重庆,巴南区,,申烨太阳城门口“仙女山腊排骨”,"106.543694,29.427",,重庆日报,https://mp.weixin.qq.com/s/UMAWNNdtvm3I-VTtaryP6w,0,,,重庆市
重庆,巴南区,,万达香蹄馆,"106.545102,29.39888",,重庆日报,https://mp.weixin.qq.com/s/UMAWNNdtvm3I-VTtaryP6w,0,,,重庆市
重庆,巴南区,,圣灯山石岭山寨,"106.729623,29.250357",,重庆日报,https://mp.weixin.qq.com/s/UMAWNNdtvm3I-VTtaryP6w,0,,,重庆市
重庆,巴南区,,鱼洞新市街川剧院花园,"106.767104,31.851955",,重庆日报,https://mp.weixin.qq.com/s/UMAWNNdtvm3I-VTtaryP6w,0,,,重庆市
重庆,巴南区,,润雨足道养生馆,"106.543761,29.401627",,重庆日报,https://mp.weixin.qq.com/s/TgegU79cKAwmtBloSettoA,0,,,重庆市
重庆,巴南区,,南泉街道虎啸村龙洲湾碧海湾小区,"106.533994,29.405717",,重庆发布,https://mp.weixin.qq.com/s/rmFI9I_m8opqo7qDn-3PBg,0,,,重庆市
重庆,巴南区,,旭辉乐活城合意轩老北京涮羊肉大厅,"106.544464,29.402109",,重庆日报,https://mp.weixin.qq.com/s/TgegU79cKAwmtBloSettoA,1,,,重庆市
重庆,巴南区,,江南华都花房村火锅,"106.535839,29.38013",,重庆日报,https://mp.weixin.qq.com/s/UMAWNNdtvm3I-VTtaryP6w,1,,,重庆市
重庆,巴南区,,南泉街道虎啸村,"106.599658,29.411609",,重庆日报,https://mp.weixin.qq.com/s/UMAWNNdtvm3I-VTtaryP6w,0,,,重庆市
重庆,巴南区,,花溪街道民主新村“情哥哥串串饮食店”,"106.549859,29.437877",,重庆日报,https://mp.weixin.qq.com/s/UMAWNNdtvm3I-VTtaryP6w,0,,,重庆市
重庆,巴南区,,龙洲湾街道旭辉城星巴克店,"106.54378,29.401644",,重庆日报,https://mp.weixin.qq.com/s/UMAWNNdtvm3I-VTtaryP6w,0,,,重庆市
重庆,巴南区,,龙洲湾街道碧海湾小区,"106.533994,29.405717",,重庆日报,https://mp.weixin.qq.com/s/UMAWNNdtvm3I-VTtaryP6w,0,,,重庆市
重庆,巴南区,,鱼洞久味江湖酒楼,"106.513758,29.386821",,重庆日报,https://mp.weixin.qq.com/s/UMAWNNdtvm3I-VTtaryP6w,0,,,重庆市
重庆,巴南区,,姜家镇,"106.822725,29.396916",,重庆日报,https://mp.weixin.qq.com/s/iCPJi_2KQOQWR8sKkJIdBA,0,,,重庆市
重庆,巴南区,,徐汇乐活城合意轩老北京涮羊肉,"106.544464,29.402109",,重庆日报,https://mp.weixin.qq.com/s/TgegU79cKAwmtBloSettoA,0,,,重庆市
重庆,沙坪坝,,双碑永辉超市,"106.443822,29.603273",,重庆日报,https://mp.weixin.qq.com/s/iCPJi_2KQOQWR8sKkJIdBA,0,,,重庆市
重庆,沙坪坝,,金科天宸,"106.365478,29.615232",,重庆发布,https://mp.weixin.qq.com/s/rmFI9I_m8opqo7qDn-3PBg,0,,,重庆市
重庆,沙坪坝,,龙湖好城时光小区,"106.36643,29.611019",,重庆发布,https://mp.weixin.qq.com/s/rmFI9I_m8opqo7qDn-3PBg,0,,,重庆市
重庆,沙坪坝,,井口街道新升南溪园小区,"106.443809,29.62419",,重庆日报,https://mp.weixin.qq.com/s/iCPJi_2KQOQWR8sKkJIdBA,0,,,重庆市
重庆,沙坪坝,,井口街道南溪村经济园,"106.442655,29.619879",,重庆日报,https://mp.weixin.qq.com/s/iCPJi_2KQOQWR8sKkJIdBA,0,,,重庆市
重庆,沙坪坝,,井口烧鸡公,"106.444276,29.635978",,重庆日报,https://mp.weixin.qq.com/s/iCPJi_2KQOQWR8sKkJIdBA,0,,,重庆市
重庆,沙坪坝,,远祖桥松鹤陵园,"106.431049,29.623758",,重庆日报,https://mp.weixin.qq.com/s/iCPJi_2KQOQWR8sKkJIdBA,0,,,重庆市
重庆,沙坪坝,,双碑永胜桥农贸市场,"106.441598,29.600598",,重庆日报,https://mp.weixin.qq.com/s/iCPJi_2KQOQWR8sKkJIdBA,0,,,重庆市
重庆,沙坪坝,,药尚堂药房（双碑永辉超市旁）,"106.443777,29.603254",,重庆日报,https://mp.weixin.qq.com/s/iCPJi_2KQOQWR8sKkJIdBA,0,,,重庆市
重庆,沙坪坝,,双碑永辉超市附近旁的药尚堂药房,"106.443777,29.603254",,重庆日报,https://mp.weixin.qq.com/s/iCPJi_2KQOQWR8sKkJIdBA,0,,,重庆市
重庆,渝北区,,华怡路23号景馨苑,"106.518348,29.579666",,重庆日报,https://mp.weixin.qq.com/s/IcMuJBrJFLK75D4Y2drblA,0,,,重庆市
重庆,渝北区,,人和街道华夏城,"106.535906,29.620257",,重庆两江新区信息公开网,http://xxgk.liangjiang.gov.cn/ljxqgzxxw_content/2020-02/07/content_610594.htm,0,,,重庆市
重庆,渝北区,,人和街道万科悦峰三期,"106.539641,29.64319",,重庆两江新区信息公开网,http://xxgk.liangjiang.gov.cn/ljxqgzxxw_content/2020-02/07/content_610594.htm,0,,,重庆市
重庆,渝北区,,人和街道龙寿路1028号,"106.538363,29.62607",,重庆两江新区信息公开网,http://xxgk.liangjiang.gov.cn/ljxqgzxxw_content/2020-02/07/content_610594.htm,0,,,重庆市
重庆,渝北区,,人和街道爱琴庄园,"106.543721,29.636953",,重庆两江新区信息公开网,http://xxgk.liangjiang.gov.cn/ljxqgzxxw_content/2020-02/07/content_610594.htm,0,,,重庆市
重庆,渝北区,,回兴街道复地花屿城C区,"106.615799,29.674694",,重庆日报,https://mp.weixin.qq.com/s/yr83eoRcIU-tQWK13A4NIQ,0,,,重庆市
重庆,渝北区,,龙塔街道渝鲁大道兴馨嘉园小区,"106.559544,29.60128",,重庆日报,https://mp.weixin.qq.com/s/yr83eoRcIU-tQWK13A4NIQ,0,,,重庆市
重庆,渝北区,,龙山街道龙湖紫都城小区,"106.495612,29.586537",,重庆日报,https://mp.weixin.qq.com/s/yr83eoRcIU-tQWK13A4NIQ,0,,,重庆市
重庆,渝北区,,金山街道叠彩城,"106.569252,29.638003",,重庆发布,https://mp.weixin.qq.com/s/rmFI9I_m8opqo7qDn-3PBg,1,,,重庆市
重庆,渝北区,,渝鲁大道永辉超市,"106.557416,29.579322",,重庆日报,https://mp.weixin.qq.com/s/iCPJi_2KQOQWR8sKkJIdBA,0,,,重庆市
重庆,渝北区,,龙塔街道,"106.531874,29.604249",,重庆日报,https://mp.weixin.qq.com/s/iCPJi_2KQOQWR8sKkJIdBA,0,,,重庆市
重庆,渝北区,,龙溪街道,"106.517237,29.590307",,重庆日报,https://mp.weixin.qq.com/s/iCPJi_2KQOQWR8sKkJIdBA,0,,,重庆市
重庆,渝北区,,双龙湖街道,"106.626308,29.712154",,重庆日报,https://mp.weixin.qq.com/s/iCPJi_2KQOQWR8sKkJIdBA,0,,,重庆市
重庆,渝北区,,旭辉医药有限公司药房,,,重庆日报,https://mp.weixin.qq.com/s/iCPJi_2KQOQWR8sKkJIdBA,0,,,重庆市
重庆,渝北区,,回兴街道,"106.614648,29.671038",,重庆日报,https://mp.weixin.qq.com/s/iCPJi_2KQOQWR8sKkJIdBA,0,,,重庆市
重庆,渝北区,,龙塔街道黄泥塝金玉满堂小区,"106.536249,29.593551",,重庆日报,https://mp.weixin.qq.com/s/yr83eoRcIU-tQWK13A4NIQ,0,,,重庆市
重庆,渝北区,,龙塔街道兴盛大道25号荣升锦瑟华年小区,"106.546066,29.587363",,重庆日报,https://mp.weixin.qq.com/s/yr83eoRcIU-tQWK13A4NIQ,0,,,重庆市
重庆,渝北区,,龙山街道龙脊路石油小区,"106.499112,29.581453",,重庆日报,https://mp.weixin.qq.com/s/yr83eoRcIU-tQWK13A4NIQ,0,,,重庆市
重庆,渝北区,,龙塔街道黄泥塝佳华世纪新城A区,"106.531856,29.588616",,重庆日报,https://mp.weixin.qq.com/s/yr83eoRcIU-tQWK13A4NIQ,0,,,重庆市
重庆,渝北区,,龙溪街道松牌路92号拿铁城小区,"106.51317,29.589227",,重庆日报,https://mp.weixin.qq.com/s/yr83eoRcIU-tQWK13A4NIQ,0,,,重庆市
重庆,渝北区,,双龙湖街道北湖路119号,"106.62644,29.712152",,重庆日报,https://mp.weixin.qq.com/s/yr83eoRcIU-tQWK13A4NIQ,0,,,重庆市
重庆,渝北区,,龙溪街道金龙路268号,"106.519561,29.589035",,重庆日报,https://mp.weixin.qq.com/s/yr83eoRcIU-tQWK13A4NIQ,0,,,重庆市
重庆,渝北区,,龙山街道安泰佳苑小区,"106.494712,29.584231",,重庆日报,https://mp.weixin.qq.com/s/yr83eoRcIU-tQWK13A4NIQ,0,,,重庆市
重庆,渝北区,,第二人民医院对面农贸市场,"106.511752,29.585689",,重庆日报,https://mp.weixin.qq.com/s/iCPJi_2KQOQWR8sKkJIdBA,0,,,重庆市
重庆,渝北区,,丽廷酒店（加州店）,"106.526697,29.593656",,重庆日报,https://mp.weixin.qq.com/s/iCPJi_2KQOQWR8sKkJIdBA,0,,,重庆市
重庆,渝北区,,武陵路垫江石磨豆花馆,"106.526561,29.592242",,重庆日报,https://mp.weixin.qq.com/s/iCPJi_2KQOQWR8sKkJIdBA,0,,,重庆市
重庆,渝北区,,万和药房渝北店,"106.533826,29.582854",,重庆日报,https://mp.weixin.qq.com/s/iCPJi_2KQOQWR8sKkJIdBA,0,,,重庆市
重庆,渝北区,,新世纪超市加州店旁水果店,"106.521039,29.587649",,重庆日报,https://mp.weixin.qq.com/s/iCPJi_2KQOQWR8sKkJIdBA,0,,,重庆市
重庆,秀山区,,花灯广场“白师傅”蛋糕店,"108.996878,28.445471",,重庆日报,https://mp.weixin.qq.com/s/iCPJi_2KQOQWR8sKkJIdBA,0,,,重庆市
重庆,秀山区,,九点利楼下hellobaby童装店,"106.625488,29.718036",,重庆日报,https://mp.weixin.qq.com/s/iCPJi_2KQOQWR8sKkJIdBA,0,,,重庆市
重庆,秀山区,,九点利楼下欧宝宝,"106.625488,29.718036",,重庆日报,https://mp.weixin.qq.com/s/iCPJi_2KQOQWR8sKkJIdBA,0,,,重庆市
重庆,秀山区,,花灯广场“三福”店,"108.99085,28.443916",,重庆日报,https://mp.weixin.qq.com/s/iCPJi_2KQOQWR8sKkJIdBA,0,,,重庆市
重庆,秀山区,,周杰饭店,"109.003247,28.456429",,重庆日报,https://mp.weixin.qq.com/s/iCPJi_2KQOQWR8sKkJIdBA,0,,,重庆市
重庆,秀山区,,美丽泽京,"108.993644,28.433668",,重庆日报,https://mp.weixin.qq.com/s/iCPJi_2KQOQWR8sKkJIdBA,0,,,重庆市
