http(s),domain,,,,
http:,www.ahwang.cn,,,,ang.cn
https:,lbs.amap.com,,,,ap.com
https:,news.dahebao.cn,,,,bao.cn
https:,www.dahebao.cn,,,,bao.cn
http:,weibo.com,,,,bo.com
https:,card.weibo.com,,,,bo.com
https:,weibo.com,,,,bo.com
http:,www.ayrbs.com,,,,bs.com
http:,www.yncdc.cn,,,,cdc.cn
http:,epaper.cz001.com.cn,,,,com.cn
http:,news.gxnews.com.cn,,,,com.cn
http:,sd.sdnews.com.cn,,,,com.cn
https:,cbgc.scol.com.cn,,,,com.cn
http:,m.laixi.ccoo.cn,,,,coo.cn
http:,www.xzcdc.com,,,,dc.com
https:,m.toutiaocdn.com,,,,dn.com
https:,baijiahao.baidu.com,,,,du.com
https:,m.mp.oeeee.com,,,,ee.com
http:,www.bbnews.cn,,,,ews.cn
http:,www.hinews.cn,,,,ews.cn
http:,fda.shangqiu.gov.cn,,,,gov.cn
http:,hc.nc.gov.cn,,,,gov.cn
http:,hcod.dl.gov.cn,,,,gov.cn
http:,health.quanzhou.gov.cn,,,,gov.cn
http:,hfpc.xm.gov.cn,,,,gov.cn
http:,nyws.nanyang.gov.cn,,,,gov.cn
http:,pdswsjsw.gov.cn,,,,gov.cn
http:,sgxw.shangqiu.gov.cn,,,,gov.cn
http:,snky.shangqiu.gov.cn,,,,gov.cn
http:,sxwjw.shaanxi.gov.cn,,,,gov.cn
http:,wap.harbin.gov.cn,,,,gov.cn
http:,wjw.anqing.gov.cn,,,,gov.cn
http:,wjw.bozhou.gov.cn,,,,gov.cn
http:,wjw.changde.gov.cn,,,,gov.cn
http:,wjw.chizhou.gov.cn,,,,gov.cn
http:,wjw.fy.gov.cn,,,,gov.cn
http:,wjw.gz.gov.cn,,,,gov.cn
http:,wjw.hefei.gov.cn,,,,gov.cn
http:,wjw.huaian.gov.cn,,,,gov.cn
http:,wjw.huaibei.gov.cn,,,,gov.cn
http:,wjw.jingmen.gov.cn,,,,gov.cn
http:,wjw.jingzhou.gov.cn,,,,gov.cn
http:,wjw.jiyuan.gov.cn,,,,gov.cn
http:,wjw.longyan.gov.cn,,,,gov.cn
http:,wjw.luan.gov.cn,,,,gov.cn
http:,wjw.mas.gov.cn,,,,gov.cn
http:,wjw.ningde.gov.cn,,,,gov.cn
http:,wjw.nmg.gov.cn,,,,gov.cn
http:,wjw.np.gov.cn,,,,gov.cn
http:,wjw.putian.gov.cn,,,,gov.cn
http:,wjw.shanxi.gov.cn,,,,gov.cn
http:,wjw.sm.gov.cn,,,,gov.cn
http:,wjw.smx.gov.cn,,,,gov.cn
http:,wjw.taiyuan.gov.cn,,,,gov.cn
http:,wjw.xiangyang.gov.cn,,,,gov.cn
http:,wjw.xuancheng.gov.cn,,,,gov.cn
http:,wjw.yangzhou.gov.cn,,,,gov.cn
http:,wjw.yichang.gov.cn,,,,gov.cn
http:,wjw.zhangzhou.gov.cn,,,,gov.cn
http:,wjw.zhengzhou.gov.cn,,,,gov.cn
http:,wjw.zhuzhou.gov.cn,,,,gov.cn
http:,wsjk.jian.gov.cn,,,,gov.cn
http:,wsjk.tj.gov.cn,,,,gov.cn
http:,wsjkj.qiannan.gov.cn,,,,gov.cn
http:,wsjkj.zhuhai.gov.cn,,,,gov.cn
http:,wsjkw.changsha.gov.cn,,,,gov.cn
http:,wsjkw.jl.gov.cn,,,,gov.cn
http:,wsjkw.jlsy.gov.cn,,,,gov.cn
http:,wsjkw.sh.gov.cn,,,,gov.cn
http:,wsjkw.shandong.gov.cn,,,,gov.cn
http:,wsjkw.suzhou.gov.cn,,,,gov.cn
http:,wsjkw.tl.gov.cn,,,,gov.cn
http:,wsjkw.xiangtan.gov.cn,,,,gov.cn
http:,wst.hainan.gov.cn,,,,gov.cn
http:,www.ahhuoshan.gov.cn,,,,gov.cn
http:,www.anyang.gov.cn,,,,gov.cn
http:,www.bc.gov.cn,,,,gov.cn
http:,www.changyuan.gov.cn,,,,gov.cn
http:,www.chibi.gov.cn,,,,gov.cn
http:,www.daqing.gov.cn,,,,gov.cn
http:,www.fuzhou.gov.cn,,,,gov.cn
http:,www.gaoyao.gov.cn,,,,gov.cn
http:,www.gl.gov.cn,,,,gov.cn
http:,www.gz.gov.cn,,,,gov.cn
http:,www.gzhfpc.gov.cn,,,,gov.cn
http:,www.hanchuan.gov.cn,,,,gov.cn
http:,www.harbin.gov.cn,,,,gov.cn
http:,www.hazhoukou.gov.cn,,,,gov.cn
http:,www.hbdawu.gov.cn,,,,gov.cn
http:,www.hbqj.gov.cn,,,,gov.cn
http:,www.hbsz.gov.cn,,,,gov.cn
http:,www.hnxywjw.gov.cn,,,,gov.cn
http:,www.huixianshi.gov.cn,,,,gov.cn
http:,www.jiangling.gov.cn,,,,gov.cn
http:,www.jiangmen.gov.cn,,,,gov.cn
http:,www.jianli.gov.cn,,,,gov.cn
http:,www.jingshan.gov.cn,,,,gov.cn
http:,www.jl.gov.cn,,,,gov.cn
http:,www.jlcity.gov.cn,,,,gov.cn
http:,www.kfwsjsw.gov.cn,,,,gov.cn
http:,www.lhswjw.gov.cn,,,,gov.cn
http:,www.liangzh.gov.cn,,,,gov.cn
http:,www.lichuan.gov.cn,,,,gov.cn
http:,www.lyws.gov.cn,,,,gov.cn
http:,www.putian.gov.cn,,,,gov.cn
http:,www.qinyang.gov.cn,,,,gov.cn
http:,www.shangqiu.gov.cn,,,,gov.cn
http:,www.shenyang.gov.cn,,,,gov.cn
http:,www.snj.gov.cn,,,,gov.cn
http:,www.songxi.gov.cn,,,,gov.cn
http:,www.srswjw.gov.cn,,,,gov.cn
http:,www.syq.gov.cn,,,,gov.cn
http:,www.tjbd.gov.cn,,,,gov.cn
http:,www.tjdl.gov.cn,,,,gov.cn
http:,www.wuzhong.gov.cn,,,,gov.cn
http:,www.xe.gov.cn,,,,gov.cn
http:,www.xiaochang.gov.cn,,,,gov.cn
http:,www.xiaogan.gov.cn,,,,gov.cn
http:,www.xinghua.gov.cn,,,,gov.cn
http:,www.xxswjw.gov.cn,,,,gov.cn
http:,www.ynjs.hh.gov.cn,,,,gov.cn
http:,www.zgsuixian.gov.cn,,,,gov.cn
http:,www.zmdwsj.gov.cn,,,,gov.cn
http:,xcswjw.xuchang.gov.cn,,,,gov.cn
http:,xxgk.liangjiang.gov.cn,,,,gov.cn
http:,ynswsjkw.yn.gov.cn,,,,gov.cn
https:,wjw.shaoyang.gov.cn,,,,gov.cn
https:,wsjkw.hebi.gov.cn,,,,gov.cn
https:,www.hebi.gov.cn,,,,gov.cn
https:,www.meizhou.gov.cn,,,,gov.cn
http:,www.bozhou.cn,,,,hou.cn
http:,www.gashw.com,,,,hw.com
https:,m.weibo.cn,,,,ibo.cn
http:,sn.ifeng.com,,,,ng.com
https:,www.thepaper.cn,,,,per.cn
https:,mp.weixin.qq.com,,,,qq.com
https:,mp.weixin.qq.com,,,,qq.com
http:,news.jsdushi.cn,,,,shi.cn
http:,news.jstv.com,,,,tv.com
https:,h5.newaircloud.com,,,,ud.com
http:,www.yandunews.com,,,,ws.com
http:,wx.xihaiannews.com,,,,ws.com
http:,www.ztnews.net,,,,ws.net
http:,m.xxcb.cn,,,,xcb.cn
