no,province,city,link,date,title,text
1,上海市,上海,https://weibo.com/2701679922/ItQXmwjmc,,,
2,上海市,上海,https://mp.weixin.qq.com/s/EAGPcVlSIbqRtJ0frpXtnw,,,
3,上海市,上海,https://weibo.com/1924853635/ItHtp9Htt,,,
4,上海市,上海,https://mp.weixin.qq.com/s/iWJ6omQpWP3YwGkjPANq-Q,,,
7,上海市,上海,https://mp.weixin.qq.com/s/JaEaBvbW6dpw3M2LVmA-jw,,,
8,上海市,上海,https://weibo.com/2610594573/ItHt1dRSB,,,
10,上海市,上海,https://mp.weixin.qq.com/s/53yB1QgwVerWm6riIRUV6A,,,
13,上海市,上海,https://mp.weixin.qq.com/s/1l-RCQ_OfAMhOZZSmo2sDw,,,
14,上海市,上海,https://mp.weixin.qq.com/s/AJ0tZuej6lQIpOdScncjVA,,,
19,上海市,上海,https://mp.weixin.qq.com/s/7Odzuq-I-eqrHPwU9vEujQ,,,
20,上海市,上海,https://mp.weixin.qq.com/s/VlmSYauI8yaDuegXGATg1A,,,
27,上海市,上海,https://mp.weixin.qq.com/s/v2siChH05QscfmvFPhxWUA,,,
35,上海市,上海,https://mp.weixin.qq.com/s/gYUKqwGSvws5Ry5jo0QhLw,,,
36,上海市,上海,https://mp.weixin.qq.com/s/sG7qksqeXnW4IAoTeK0JUA,,,
43,上海市,上海,https://mp.weixin.qq.com/s/sISFRQhYVHMZdhuAGmEISg,,,
44,上海市,上海,http://wsjkw.sh.gov.cn/xwfb/20200208/f3882592b1144b558a13a5a9c4ac4a9f.html,,,
56,上海市,上海,https://mp.weixin.qq.com/s/3xLaRnNyw3yrTRYLkMJeFg,,,
63,上海市,上海,https://weibo.com/2175830437/ItAXv7FW0,,,
84,云南省,楚雄彝族自治州,https://mp.weixin.qq.com/s/1MOGBR6c5MQ2mzw00JRKfw,,,
85,云南省,红河哈尼族彝族自治州,https://mp.weixin.qq.com/s/TM7oIfKGO_Ga_d2KA68Hdg,,,
88,云南省,红河哈尼族彝族自治州,https://mp.weixin.qq.com/s/595Lg0yr1eqHRjh_cNXwkw,,,
90,云南省,红河哈尼族彝族自治州,http://ynswsjkw.yn.gov.cn/wjwWebsite/web/doc/UU158147060382734153,,,
91,云南省,红河哈尼族彝族自治州,http://www.ynjs.hh.gov.cn/xwzx_2086/gggs/202002/t20200203_389321.html,,,
92,云南省,迪庆藏族自治州,https://mp.weixin.qq.com/s/yeVV1XLyzMN5nPIEa0FNNw,,,
94,云南省,保山,https://baijiahao.baidu.com/s?id=1657891587715732762,,,
96,云南省,保山,https://mp.weixin.qq.com/s/zjApBnAZQW7IQ7As_d1tGQ,,,
102,云南省,保山,https://weibo.com/5289488345/ItG3n6mSB?type=comment,,,
104,云南省,普洱,http://www.yncdc.cn/newsview.aspx?id=124150,,,
118,云南省,玉溪,https://mp.weixin.qq.com/s/rlsrJG-mwBTGGLhW8NR4NQ,,,
120,云南省,玉溪,https://mp.weixin.qq.com/s/D8fuuy4rQ3QgZWFjI3RYOw,,,
121,云南省,玉溪,https://weibo.com/1662558237/IstBpawWB?type=comment#_rnd1581325095559,,,
128,云南省,玉溪,https://mp.weixin.qq.com/s/PtuGqysWa9IFu13K-JJ1AA,,,
136,云南省,玉溪,https://mp.weixin.qq.com/s/E-6otSTsgK-p9z_TuNc9uA,,,
138,云南省,曲靖,https://mp.weixin.qq.com/s/Sqy54aahCCCKQeO5ZJHAOw,,,
139,云南省,曲靖,https://mp.weixin.qq.com/s/rjYwtYtK9uWkgmPCB1W-QA,,,
140,云南省,曲靖,https://mp.weixin.qq.com/s/lYXcUKPH9f9Jk0myVoeetA,,,
141,云南省,曲靖,https://mp.weixin.qq.com/s/DD7lLAE9g1HMuMMOINAnSA,,,
142,云南省,曲靖,https://m.weibo.cn/2592713452/4466061057617099,,,
145,云南省,临沧,http://ynswsjkw.yn.gov.cn/wjwWebsite/web/doc/UU158052810730700085,,,
146,云南省,西双版纳,https://mp.weixin.qq.com/s/LA0nkvP2rdaJO7xlud4k0g,,,
149,云南省,大理白族自治州,https://mp.weixin.qq.com/s/kEhHglNJK_hYNdulUmil7g,,,
151,云南省,大理白族自治州,http://www.bc.gov.cn/dlsbcx/c102087/202002/69aa31bbc1e2404c9c82a32a1c667880.shtml,,,
158,云南省,昆明,https://mp.weixin.qq.com/s/zJip2rx-wR-T_dtQdgFbIQ,,,
159,云南省,昆明,https://mp.weixin.qq.com/s/WlxrdAlKUhSRqP4k2Snb4w,,,
160,云南省,昆明,https://mp.weixin.qq.com/s/zl3g3MNMEgPBYKqv04O5Eg,,,
165,云南省,昆明,https://mp.weixin.qq.com/s/llFd6ErLPVAgTaQysCdp7g,,,
168,云南省,昆明,https://mp.weixin.qq.com/s/_uL6t7iW7bFLxLVWcZG_ZQ,,,
171,云南省,昆明,https://mp.weixin.qq.com/s/gh0pJW5pM6nujH2SsJfGXQ,,,
173,云南省,昆明,https://mp.weixin.qq.com/s/JLXK40BUnTQDZv0oBTkEgg,,,
174,云南省,昆明,https://mp.weixin.qq.com/s/zDk5zg7-DwKIV1brhmwYMA,,,
179,云南省,昭通,http://www.ztnews.net/article/show-347052.html,,,
181,云南省,昭通,https://mp.weixin.qq.com/s/WLTzC7TtqYQI3ayaMArgnQ,,,
186,云南省,昭通,https://mp.weixin.qq.com/s/AQsMLa5YU3548XWCEC2Z_g,,,
187,内蒙古,通辽,http://wjw.nmg.gov.cn/doc/2020/02/09/291226.shtml,,,
191,内蒙古,锡林郭勒盟,https://mp.weixin.qq.com/s/WBkYAkadMMy8qkjvZeTbyQ,,,
192,内蒙古,乌海,https://mp.weixin.qq.com/s/eECI1S8obg-Vx11xTjggoA,,,
194,内蒙古,巴彦淖尔,https://mp.weixin.qq.com/s/yT_I4r6Sc2K3O7-3iAl-mA,,,
208,内蒙古,鄂尔多斯,http://wjw.nmg.gov.cn/doc/2020/02/02/286191.shtml,,,
248,内蒙古,包头,https://mp.weixin.qq.com/s/nqSkq_C1SWyXwSoWH8Tl_Q,,,
257,内蒙古,包头,https://mp.weixin.qq.com/s/en5XMsElXu6JIs0UHd_lmA,,,
265,内蒙古,包头,https://mp.weixin.qq.com/s/FYb03z5wslK1Wzzp1FiA5A,,,
267,内蒙古,呼和浩特,https://mp.weixin.qq.com/s/v8_qO9NA0OZlohlo0sbCZg,,,
269,内蒙古,呼和浩特,https://mp.weixin.qq.com/s/ljO-jnuFaLY7dlay04vnQQ,,,
293,内蒙古,呼和浩特,http://wjw.nmg.gov.cn/doc/2020/02/01/286091.shtml,,,
314,内蒙古,呼和浩特,https://mp.weixin.qq.com/s/L-kxyVWz2388nVMrHpNwSQ,,,
323,北京市,北京,http://www.yandunews.com/html/2020/bingli_0209/11.html,,,
324,北京市,北京,https://mp.weixin.qq.com/s/vPVj3aqVk-L6ktjmQ0Bxkg,,,
325,北京市,北京,https://mp.weixin.qq.com/s/0BJBc-qrghs3-g2xzs8Plw,,,
327,北京市,北京,https://mp.weixin.qq.com/s/5JTDmfTzdGR4HI_u-xqzKQ,,,
328,北京市,北京,https://mp.weixin.qq.com/s/6dcjtAS7H9J-R8MENf8Ygw,,,
329,北京市,北京,https://mp.weixin.qq.com/s/Knh2diX1UlX_TrMDYOc-hw,,,
338,北京市,北京,https://weibo.com/2518353303/ItIknhiuS,,,
343,北京市,北京,https://mp.weixin.qq.com/s/3-vaX3qS-ETg624GmC-AmA,,,
354,北京市,北京,https://mp.weixin.qq.com/s/n2008SsZhAuPl2cblreWlQ,,,
372,北京市,北京,https://mp.weixin.qq.com/s/-wsjGguASAT2WCWg2LBNVA,,,
378,北京市,北京,https://weibo.com/2208751963/ItINW9Vbs,,,
379,吉林省,白山,https://mp.weixin.qq.com/s/gb33Pz92gZiVFRe1hy0YyQ,,,
380,吉林省,白城,http://www.jl.gov.cn/szfzt/jlzxd/yqtb/202002/t20200208_6828726.html,,,
381,吉林省,通化,http://www.jl.gov.cn/szfzt/jlzxd/yqtb/202002/t20200209_6829137.html,,,
382,吉林省,通化,https://mp.weixin.qq.com/s/AR9o0zlUzl0MGbU54CfWzQ,,,
384,吉林省,松原,http://wsjkw.jlsy.gov.cn/xwzx/jgdt/202002/t20200202_360033.html,,,
385,吉林省,延边朝鲜族自治州,http://www.jl.gov.cn/szfzt/jlzxd/yqtb/202002/t20200212_6836270.html,,,
386,吉林省,延边朝鲜族自治州,http://www.jl.gov.cn/szfzt/jlzxd/yqtb/202002/t20200207_6828199.html,,,
387,吉林省,延边朝鲜族自治州,http://www.jl.gov.cn/szfzt/jlzxd/yqtb/202002/t20200206_6827638.html,,,
390,吉林省,辽源,http://www.jl.gov.cn/szfzt/jlzxd/yqtb/202002/t20200204_6674931.html,,,
391,吉林省,辽源,http://www.jl.gov.cn/szfzt/jlzxd/yqtb/202002/t20200202_6672623.html,,,
393,吉林省,长春,http://www.jl.gov.cn/szfzt/jlzxd/yqtb/202002/t20200203_6672974.html,,,
394,吉林省,长春,http://www.jl.gov.cn/szfzt/jlzxd/yqtb/202002/t20200210_6829498.html,,,
401,吉林省,长春,https://mp.weixin.qq.com/s/r_Vi9_HbC-fEx9iAOhJiHA,,,
403,吉林省,长春,http://wsjkw.jl.gov.cn/xwzx/xwfb/202002/t20200206_6827634.html,,,
411,吉林省,长春,http://www.jl.gov.cn/szfzt/jlzxd/yqtb/202002/t20200201_6666993.html,,,
422,吉林省,四平,https://mp.weixin.qq.com/s/xjZGu-rYlfr_57JUC-yv9g,,,
424,吉林省,四平,http://www.jl.gov.cn/szfzt/jlzxd/yqtb/202002/t20200213_6836775.html,,,
426,吉林省,四平,https://mp.weixin.qq.com/s/oGMG1xFfaJ3dnUs_gPHLzg,,,
439,吉林省,吉林,http://www.jlcity.gov.cn/zt/qtzt/kjxgfy/tzgg/202002/t20200203_730660.html,,,
441,四川省,凉山彝族自治州,https://mp.weixin.qq.com/s/m6dP4uyvhPmgiH7sW-12Zg,,,
445,四川省,凉山彝族自治州,https://mp.weixin.qq.com/s/nWnv_8A0ZMXyS3dJ23lmjg,,,
457,四川省,凉山彝族自治州,https://mp.weixin.qq.com/s/b3YH-Ivf5eDKABuR5N-8Uw,,,
465,四川省,达州,https://mp.weixin.qq.com/s/Jea_r8wzTi8hZ3YwXfjVfA,,,
487,四川省,资阳,https://mp.weixin.qq.com/s/j6R6NpM6j3GVBoSUqF7C3g,,,
504,四川省,南充,https://mp.weixin.qq.com/s/OlChHx5Pxl0pJNHHNiC-4Q,,,
533,四川省,内江,https://mp.weixin.qq.com/s/wwaiPLdlRuFQxk8mTPfziQ,,,
538,四川省,内江,https://cbgc.scol.com.cn/news/230125?from-related-news,,,
558,四川省,内江,https://mp.weixin.qq.com/s/zZglJBFMqpwFMLQGR1x-Ng,,,
574,四川省,广安,https://mp.weixin.qq.com/s/8HuPY0YK106U0WuW0-zaCQ,,,
580,四川省,宜宾,https://mp.weixin.qq.com/s/CCTZJkVX-ZDTmI4rjEQzsg,,,
587,四川省,绵阳,https://mp.weixin.qq.com/s/z5buOiSJrK6xu-_6fNbo6w,,,
592,四川省,绵阳,https://mp.weixin.qq.com/s/Ie4ezC-VPsozuDCnlOd0Gg,,,
619,四川省,绵阳,https://mp.weixin.qq.com/s/Lr_0RCVwFUTAWRKNATbDZw,,,
625,四川省,绵阳,https://mp.weixin.qq.com/s/Kb7dJ2mkbhilloslibNGCg,,,
650,四川省,德阳,https://mp.weixin.qq.com/s/9kyibProVI_5IFDekLbs9w,,,
652,四川省,广元,https://cbgc.scol.com.cn/news/225879,,,
660,四川省,泸州,https://mp.weixin.qq.com/s/32D_GsWXrJqlYCfXriGomA,,,
665,四川省,泸州,https://mp.weixin.qq.com/s/hWgf8WLxGv5CtUVVMoZjSw,,,
684,四川省,眉山,https://mp.weixin.qq.com/s/zeCdWQoO8FPFKWFaCvg3UQ,,,
689,四川省,眉山,https://cbgc.scol.com.cn/news/227383,,,
698,四川省,乐山,https://mp.weixin.qq.com/s/FoBY4vNZ2sW8RcHVnihz1Q,,,
699,四川省,成都,https://mp.weixin.qq.com/s/yZisVMBvJ9LxQrPF36qAGA,,,
702,四川省,成都,https://mp.weixin.qq.com/s/Mn7NHqCD3EDU4Z4AdS8osg,,,
703,四川省,成都,https://mp.weixin.qq.com/s/NQ9MMd5xkABRmYkk6J5zxw,,,
715,四川省,成都,https://mp.weixin.qq.com/s/xrJ6R_zbyNYtlLKWwx5LIg,,,
790,天津市,天津,https://mp.weixin.qq.com/s/PnHa7utyFQXLUPzlBMJO1w,,,
791,天津市,天津,https://mp.weixin.qq.com/s/cdA9s_N4ivL77Fa2lLJCzg,,,
792,天津市,天津,https://mp.weixin.qq.com/s/YKyBTaEyJYdFKkW7ayCsTw,,,
793,天津市,天津,https://mp.weixin.qq.com/s/lbWHxSGPiXgWPQLKRN9UkQ,,,
794,天津市,天津,https://mp.weixin.qq.com/s/lnzTrVvLEbKlJW2YN46FqA,,,
795,天津市,天津,https://mp.weixin.qq.com/s/Vbe74pYTlUClBn32vM7iyw,,,
796,天津市,天津,https://mp.weixin.qq.com/s/qtHkuu4nRB4eDRk0i67Qbw,,,
797,天津市,天津,https://mp.weixin.qq.com/s/Vjw4lZQYssFlctBbDaSOlA,,,
798,天津市,天津,https://mp.weixin.qq.com/s/Bk9ff2ItnTM6bwXfS6c9fA,,,
799,天津市,天津,https://mp.weixin.qq.com/s/tjzhhgDW_DbVq3eSouybPQ,,,
800,天津市,天津,https://mp.weixin.qq.com/s/ddxk5I0ZmzGripCk_r6fVg,,,
803,天津市,天津,https://mp.weixin.qq.com/s/fl0mWW8wggNfgVZUniFbIQ,,,
804,天津市,天津,https://mp.weixin.qq.com/s/4rrVAZ8WGxxOO3AFGVJInQ,,,
806,天津市,天津,http://wsjk.tj.gov.cn/art/2020/1/30/art_14_70358.html,,,
807,天津市,天津,https://mp.weixin.qq.com/s/JD-9-4ohOZg5Kht6pZP_ZQ,,,
808,天津市,天津,https://mp.weixin.qq.com/s/xFxNuOPocI1B57YwqlDdPg,,,
809,天津市,天津,https://mp.weixin.qq.com/s/o6TKEr2lHRK8OTl4-eIF1Q,,,
810,天津市,天津,https://mp.weixin.qq.com/s/amzqj6AcFJhweIRedaUCdA,,,
820,天津市,天津,http://www.tjdl.gov.cn/zwgk/system/2020/02/02/004044885.shtml,,,
821,天津市,天津,http://www.tjdl.gov.cn/zwgk/system/2020/02/07/004045165.shtml,,,
822,天津市,天津,https://mp.weixin.qq.com/s/MwAfT-E-dlvo0ccNMyaW-g,,,
830,天津市,天津,https://mp.weixin.qq.com/s/8DacvjupezrRTEIt1c5jpQ,,,
831,天津市,天津,https://mp.weixin.qq.com/s/bWMXTT8wp-m8otZDg_dTTQ,,,
832,天津市,天津,https://mp.weixin.qq.com/s/EzFyFfqIO_yQPgGAUzP0gg,,,
834,天津市,天津,https://mp.weixin.qq.com/s/DCEXgfSHm1NtjhFnQVpCMw,,,
835,天津市,天津,https://mp.weixin.qq.com/s/2nygEqzWbL8ElHMfRjtjyQ,,,
836,天津市,天津,https://mp.weixin.qq.com/s/LSpaLDiZjTBCcCowwxcs-Q,,,
837,天津市,天津,https://mp.weixin.qq.com/s/Rs5Lmq1x5Y6UWaiOyMFYRg,,,
846,天津市,天津,https://mp.weixin.qq.com/s/AUvvDsntjJa9lqKWwHMeMA,,,
854,天津市,天津,https://mp.weixin.qq.com/s/VNk4XGkwZ2bojAHyfqK42Q,,,
856,天津市,天津,https://mp.weixin.qq.com/s/ny8H-znV4Z0pV4uaQARdpA,,,
862,天津市,天津,https://mp.weixin.qq.com/s/3FN-8fopIf2GKwOFFdEtag,,,
863,天津市,天津,https://mp.weixin.qq.com/s/qEXosFGDzXUQMNqXFE9A7Q,,,
876,天津市,天津,https://mp.weixin.qq.com/s/hgyTrvPy1wz_UWTTc7e0vA,,,
880,天津市,天津,http://www.tjbd.gov.cn/zjbd/system/2020/02/04/010046410.shtml,,,
882,天津市,天津,http://www.tjbd.gov.cn/zjbd/system/2020/02/03/010046388.shtml,,,
883,天津市,天津,https://mp.weixin.qq.com/s/2BxE3pdBQS7cOJOdvEZPZw,,,
887,天津市,天津,https://mp.weixin.qq.com/s/Y42bfgKlCrsGg61E-qiP5g,,,
888,天津市,天津,https://mp.weixin.qq.com/s/7lADQvj9HTIYq1QcA2Cj1w,,,
890,天津市,天津,http://wsjk.tj.gov.cn/art/2020/2/7/art_87_70627.html,,,
891,天津市,天津,https://mp.weixin.qq.com/s/3toD5dTIKnitKnCyy_WfRw,,,
892,天津市,天津,https://mp.weixin.qq.com/s/8Cr7JdtFWiDelYWqMrcByg,,,
899,天津市,天津,https://mp.weixin.qq.com/s/ax77pABn4F8ciXsA1Z2qww,,,
900,天津市,天津,http://www.tjbd.gov.cn/zjbd/system/2020/02/03/010046372.shtml,,,
905,天津市,天津,https://mp.weixin.qq.com/s/kw605QsD_r1ZxsKl3DSRxw,,,
908,宁夏,吴忠,https://mp.weixin.qq.com/s/d0ChVGAE859JSuSQ4-yuwg,,,
911,宁夏,吴忠,http://www.wuzhong.gov.cn/sy/gsgg/202002/t20200206_1943703.html,,,
912,宁夏,吴忠,http://www.wuzhong.gov.cn/sy/gsgg/202002/t20200207_1945035.html,,,
913,宁夏,吴忠,https://mp.weixin.qq.com/s/6QQRQ2p1q9OSHHa85dJvpA,,,
914,宁夏,吴忠,http://www.hinews.cn/news/system/2020/01/29/032265625.shtml,,,
915,宁夏,固原,https://mp.weixin.qq.com/s/p8FwAyaWqBQPQ9ExZNRunA,,,
920,宁夏,银川,https://mp.weixin.qq.com/s/16ICfUi-Z2UMbbckkm0Xpw,,,
921,宁夏,银川,https://mp.weixin.qq.com/s/3GBAMxcOz-brFl_7_soiXg,,,
937,安徽省,铜陵,https://mp.weixin.qq.com/s/IOU01Mp2-XSSIH_SpdIZiw,,,
951,安徽省,铜陵,http://wsjkw.tl.gov.cn/1982/1983/202002/t20200211_940668.html,,,
955,安徽省,黄山,https://weibo.com/5228966459/Is1yi6XUt,,,
956,安徽省,黄山,https://mp.weixin.qq.com/s/8-cGTX4ic7EknTFt6G0rtA,,,
958,安徽省,黄山,https://weibo.com/5228966459/IrHbYlTAu,,,
959,安徽省,宣城,http://wjw.xuancheng.gov.cn/News/show/1093121.html,,,
960,安徽省,宣城,http://wjw.xuancheng.gov.cn/News/show/1090016.html,,,
962,安徽省,宣城,https://weibo.com/2882711442/IsXTUt6wn,,,
963,安徽省,淮南,https://weibo.com/2526056150/IsNjld33C,,,
968,安徽省,淮南,https://mp.weixin.qq.com/s/vuoyFqGxRtPl3yhKoy2aaA,,,
974,安徽省,淮南,https://weibo.com/2526056150/IsVcN26ly,,,
975,安徽省,池州,https://mp.weixin.qq.com/s/i6Ra44P7EX-NljPS6cEbDA,,,
976,安徽省,池州,http://wjw.chizhou.gov.cn/News/show/405016.html,,,
978,安徽省,池州,http://wjw.chizhou.gov.cn/News/show/406054.html,,,
979,安徽省,池州,https://mp.weixin.qq.com/s/-ZJwgrX1XpWss88TB6peVg,,,
988,安徽省,安庆,https://m.weibo.cn/2874978364/4469639503757839,,,
989,安徽省,安庆,https://weibo.com/2874978364/IsW3Ntfzw,,,
1003,安徽省,安庆,https://weibo.com/2874978364/It48XkVoY,,,
1005,安徽省,安庆,http://wjw.anqing.gov.cn/13971952/98492082.html,,,
1018,安徽省,安庆,https://m.weibo.cn/2874978364/4469997789262039,,,
1020,安徽省,安庆,http://wjw.anqing.gov.cn/13971952/98351812.html,,,
1044,安徽省,淮北,https://weibo.com/2625512830/IsUFRdhiL,,,
1045,安徽省,淮北,https://m.weibo.cn/2625512830/4470042861250186,,,
1046,安徽省,淮北,https://weibo.com/2625512830/It4GjdbFr,,,
1052,安徽省,淮北,http://wjw.huaibei.gov.cn/xxfb/tzgg/55978181.html,,,
1055,安徽省,宿州,https://mp.weixin.qq.com/s/b_ePUS3kQFFzLGVhTqL6Dw,,,
1056,安徽省,宿州,https://mp.weixin.qq.com/s/B_UoP-p6L4OYAKVDC6fHWw,,,
1058,安徽省,宿州,https://weibo.com/3008419144/IsUdu7Lbq,,,
1059,安徽省,宿州,https://weibo.com/3008419144/It3FF1mXF,,,
1061,安徽省,宿州,https://m.weibo.cn/3008419144/4469627037755584,,,
1063,安徽省,宿州,https://mp.weixin.qq.com/s/UDUBnFiLxb-hd_RsZFmpqA,,,
1064,安徽省,马鞍山,https://weibo.com/2549578244/Isiwx8hj9,,,
1065,安徽省,马鞍山,https://weibo.com/2549578244/Is9buAps0,,,
1067,安徽省,马鞍山,https://m.weibo.cn/2549578244/4469615055208854,,,
1068,安徽省,马鞍山,https://mp.weixin.qq.com/s/cqR-DLsMZEHP_cmFc78mAg,,,
1070,安徽省,马鞍山,https://weibo.com/2549578244/IsKJZqMLe,,,
1072,安徽省,马鞍山,http://wjw.mas.gov.cn/4716917/10058452.html,,,
1073,安徽省,马鞍山,http://wjw.mas.gov.cn/4716917/10058246.html,,,
1074,安徽省,滁州,https://weibo.com/5044444356/IsBwmm62L,,,
1075,安徽省,滁州,https://weibo.com/5044444356/Itz9zrUIP,,,
1076,安徽省,滁州,http://www.ahwang.cn/newsflash/20200202/1975092.html,,,
1078,安徽省,滁州,https://weibo.com/5044444356/Itd2z1ljA,,,
1083,安徽省,芜湖,https://weibo.com/3253001642/IsLeyE6WD,,,
1090,安徽省,芜湖,https://weibo.com/3253001642/IsUDIdP0C,,,
1096,安徽省,芜湖,http://weibo.com/3253001642/It40feYGa,,,
1104,安徽省,芜湖,https://card.weibo.com/article/m/show/id/2309404469622945480849?_wb_client_=1,,,
1105,安徽省,六安,http://www.ahhuoshan.gov.cn/content/detail/5e42416c6eb33e689b000029.html,,,
1109,安徽省,六安,http://www.ahwang.cn/newsflash/20200205/1977032.html,,,
1110,安徽省,六安,http://www.ahhuoshan.gov.cn/content/detail/5e4222db6eb33e3880000029.html,,,
1117,安徽省,六安,https://weibo.com/3021918593/It3E9h4pb,,,
1131,安徽省,六安,https://weibo.com/3021918593/IsUBy29Ew,,,
1151,安徽省,六安,https://m.weibo.cn/3021918593/4469984711394629,,,
1152,安徽省,六安,http://wjw.luan.gov.cn/content/detail/5e3e15756eb33e4ce100002c.html,,,
1156,安徽省,蚌埠,http://www.bbnews.cn/p/7411.html?spm=zm1143-001.0.0.1.NRj4TT,,,
1161,安徽省,蚌埠,https://mp.weixin.qq.com/s/wmThN8QEmYhNUerjzynqow,,,
1163,安徽省,蚌埠,https://mp.weixin.qq.com/s/BNxzXeBHlPNipWAAjHUQEw,,,
1164,安徽省,蚌埠,https://m.weibo.cn/3541728125/4470029669840028,,,
1167,安徽省,蚌埠,https://mp.weixin.qq.com/s/aGhLbHk960GxDMpuF6CY-g,,,
1171,安徽省,蚌埠,https://mp.weixin.qq.com/s/434jfSwY8moyGcFrAYNXkA,,,
1172,安徽省,蚌埠,https://weibo.com/3541728125/IsUKsCyqK,,,
1175,安徽省,蚌埠,https://weibo.com/3541728125/It40gpXOw,,,
1187,安徽省,蚌埠,https://weibo.com/3541728125/ItdC3eShu,,,
1235,安徽省,蚌埠,https://mp.weixin.qq.com/s/CLe4Wl0LJH5G7FBDmXfMjg,,,
1263,安徽省,亳州,https://weibo.com/3216505712/ItgGy4vDb,,,
1269,安徽省,亳州,https://weibo.com/3442980450/ItYu0bbLF,,,
1270,安徽省,亳州,https://mp.weixin.qq.com/s/A4tLqAGReit7Owz6HWrK5w,,,
1273,安徽省,亳州,http://wjw.bozhou.gov.cn/News/show/372200.html,,,
1275,安徽省,亳州,https://weibo.com/3442980450/It41tpbjX,,,
1276,安徽省,亳州,https://mp.weixin.qq.com/s/w8suk6BfJE4Y7OfJAs3CLg,,,
1281,安徽省,亳州,https://mp.weixin.qq.com/s/FlXCS3sIravTUtvJKiuzxQ,,,
1282,安徽省,亳州,https://weibo.com/3442980450/IsUn2AqiS,,,
1286,安徽省,亳州,http://www.bozhou.cn/yaowen/p/219860.html,,,
1319,安徽省,亳州,https://weibo.com/3442980450/IsQhzo32x?type=comment#_rnd1581269884716,,,
1333,安徽省,阜阳,https://weibo.com/ttarticle/p/show?id=2309404469281533329611#_0,,,
1334,安徽省,阜阳,http://wjw.fy.gov.cn/content/detail/5e3e0f1a7f8b9a45198b4587.html,,,
1336,安徽省,阜阳,http://www.ahwang.cn/anhui/20200205/1977251.html,,,
1341,安徽省,阜阳,https://mp.weixin.qq.com/s/dnvyMKbQqlACMnKU7cV7qQ,,,
1343,安徽省,阜阳,https://weibo.com/1944467192/IsUoKmyxV,,,
1350,安徽省,阜阳,https://mp.weixin.qq.com/s/vNY-GcINZsRpVV7T6DlESw,,,
1353,安徽省,阜阳,https://weibo.com/ttarticle/p/show?id=2309404469626368032933,,,
1366,安徽省,阜阳,https://mp.weixin.qq.com/s/WbBuRvoLH1syFWjq4f6i4g,,,
1367,安徽省,阜阳,https://mp.weixin.qq.com/s/1ZOrCvTcAg_-vS51SNorkg,,,
1369,安徽省,阜阳,https://mp.weixin.qq.com/s/NKIjTlZzQ-BrcIP-cO7XHw,,,
1371,安徽省,阜阳,https://card.weibo.com/article/m/show/id/2309404469986381922393?_wb_client_=1,,,
1434,安徽省,合肥,http://wjw.hefei.gov.cn/ztzl/xxgzbdgrdfyyqfk/xxfb/17723955.html,,,
1438,安徽省,合肥,https://mp.weixin.qq.com/s/q_AAhXNBoGd31HFKJsDL2w,,,
1439,安徽省,合肥,http://wjw.hefei.gov.cn/ztzl/xxgzbdgrdfyyqfk/xxfb/17723463.html,,,
1443,安徽省,合肥,https://mp.weixin.qq.com/s/7y-lfP7cGql3HKBo71vElA,,,
1447,安徽省,合肥,https://mp.weixin.qq.com/s/auH9ucx568Ttzoh6oWctKA,,,
1471,安徽省,合肥,https://mp.weixin.qq.com/s/rvvBQqt3xK3Dvl-toYgZiA,,,
1476,安徽省,合肥,https://mp.weixin.qq.com/s/tEyUbY0GJgN9nOsoZ7AePA,,,
1539,安徽省,合肥,https://www.thepaper.cn/newsDetail_forward_5803812,,,
1540,山东省,德州,https://mp.weixin.qq.com/s/-kCKCLdhNG52XnvC4MKkEg,,,
1543,山东省,德州,http://wsjkw.shandong.gov.cn/ztzl/rdzt/qlzhfkgz/tzgg/202002/t20200210_2517830.html,,,
1544,山东省,德州,http://wsjkw.shandong.gov.cn/ztzl/rdzt/qlzhfkgz/tzgg/202002/t20200210_2518042.html,,,
1546,山东省,德州,,,,
1548,山东省,威海,https://mp.weixin.qq.com/s/2fBwYRiwCr5qZnU_eKXPew,,,
1549,山东省,威海,http://wsjkw.shandong.gov.cn/ztzl/rdzt/qlzhfkgz/tzgg/202002/t20200211_2518567.html,,,
1553,山东省,威海,http://wsjkw.shandong.gov.cn/ztzl/rdzt/qlzhfkgz/tzgg/202002/t20200212_2519834.html,,,
1554,山东省,烟台,https://mp.weixin.qq.com/s/oAfiP_3o-JwXA0n2L6ECrg,,,
1555,山东省,烟台,http://wsjkw.shandong.gov.cn/ztzl/rdzt/qlzhfkgz/tzgg/202002/t20200209_2517629.html,,,
1557,山东省,烟台,http://wsjkw.shandong.gov.cn/ztzl/rdzt/qlzhfkgz/tzgg/202002/t20200213_2520602.html,,,
1559,山东省,烟台,https://mp.weixin.qq.com/s/RPz5kUR1QqTnuE_7EvF2VQ,,,
1561,山东省,泰安,https://mp.weixin.qq.com/s/RDmS33t5JxlYRPzGPlt_hA,,,
1566,山东省,泰安,https://mp.weixin.qq.com/s/lxZSKHYSIWMP5HeKQi3VIg,,,
1586,山东省,枣庄,https://mp.weixin.qq.com/s/gX82KJTHdwAbVgK6hADT9A,,,
1598,山东省,淄博,https://mp.weixin.qq.com/s/fTiCuXTR8iCNPE0zX3gOrw,,,
1607,山东省,日照,https://mp.weixin.qq.com/s/CCv9mOu-azDpGCngDnutWw,,,
1611,山东省,济宁,https://mp.weixin.qq.com/s/W9Iqq_rF4D9qHfI91nC0MQ,,,
1629,山东省,潍坊,https://mp.weixin.qq.com/s/6g55XNp_uMoIzOmPzPt4FA,,,
1643,山东省,聊城,https://mp.weixin.qq.com/s/GGeiv9zLDVP9t5CXddQAvw,,,
1647,山东省,滨州,https://mp.weixin.qq.com/s/99IBrH7yBT2bi_k6CXWk1A,,,
1653,山东省,临沂,https://mp.weixin.qq.com/s/BowMr0k90t8psMKEWMmshQ,,,
1677,山东省,济南,http://sd.sdnews.com.cn/yw/202002/t20200208_2678433.htm,,,
1682,山东省,济南,https://mp.weixin.qq.com/s/BTBVokDLUFUBisFVrreTIg,,,
1687,山东省,济南,https://mp.weixin.qq.com/s/RYwMrVH1Fae9UFDF6Pzt9w,,,
1702,山东省,青岛,http://m.laixi.ccoo.cn/bbs/sxinfo.aspx?id=10036788,,,
1703,山东省,青岛,https://mp.weixin.qq.com/s/0AzdTVLNPehaz8G7rAzkcA,,,
1729,山东省,青岛,http://wx.xihaiannews.com/article/4294398.html,,,
1730,山西省,运城,http://wjw.shanxi.gov.cn/wjywl02/24821.hrh,,,
1732,山西省,运城,https://m.weibo.cn/detail/4468614512282405,,,
1739,山西省,运城,http://wjw.shanxi.gov.cn/wjywl02/24840.hrh,,,
1744,山西省,运城,https://m.weibo.cn/1232121710/4470103003866063,,,
1747,山西省,运城,https://mp.weixin.qq.com/s/7yyi-z5X8HrLTq-d7I4QIA,,,
1749,山西省,晋中,http://wjw.shanxi.gov.cn/wjywl02/24789.hrh,,,
1752,山西省,晋中,http://wjw.shanxi.gov.cn/wjywl02/24757.hrh,,,
1753,山西省,晋中,http://wjw.shanxi.gov.cn/wjywl02/24774.hrh,,,
1754,山西省,晋中,http://wjw.shanxi.gov.cn/wjywl02/24847.hrh,,,
1759,山西省,朔州,https://mp.weixin.qq.com/s/3_YI8FA6JqJ-Llchjf5_ug,,,
1760,山西省,朔州,https://mp.weixin.qq.com/s/pCknNhnIW75e0cHBe54iyg,,,
1764,山西省,忻州,https://mp.weixin.qq.com/s/23fOSN0X3dT99e22m34Few,,,
1767,山西省,长治,https://weibo.com/1232121710/ItgbhBmux?type=comment#_rnd1581249535331,,,
1772,山西省,长治,https://mp.weixin.qq.com/s/BEf8kNgXeQhxvmMjylOmgQ,,,
1778,山西省,大同,https://mp.weixin.qq.com/s/uaNlrAc-0-i_rMvYaAYVJA,,,
1792,山西省,吕梁,https://mp.weixin.qq.com/s/Y43irqUbONn5cePk8zDMVA,,,
1796,山西省,晋城,https://mp.weixin.qq.com/s/bajAz75YnT3zE57EpKWr8w,,,
1797,山西省,晋城,https://mp.weixin.qq.com/s/ZAwe2UqZE8e_MfvtmGrWmA,,,
1798,山西省,晋城,https://mp.weixin.qq.com/s/utdVbjUQJcajIOwdyXfWqg,,,
1799,山西省,晋城,https://mp.weixin.qq.com/s/_gavqpMLkrt8CyBjGkj12A,,,
1817,山西省,晋城,https://mp.weixin.qq.com/s/PTFL1KHSsnh-VlxfqseYkw,,,
1820,山西省,太原,https://mp.weixin.qq.com/s/go31aUnJribGtB0bY2mUXw,,,
1821,山西省,太原,https://weibo.com/3268152967/ItxVF8cXF,,,
1822,山西省,太原,https://m.weibo.cn/detail/4470419391956451,,,
1823,山西省,太原,http://wjw.taiyuan.gov.cn/doc/2020/02/07/955867.shtml,,,
1840,山西省,太原,http://wjw.taiyuan.gov.cn/doc/2020/02/08/955916.shtml,,,
1842,广东省,揭阳,https://mp.weixin.qq.com/s/y9lpITTKuZivPJB9l55ORg,,,
1845,广东省,揭阳,https://mp.weixin.qq.com/s/XwNjdNq5T1j_yI4r5o5gTQ,,,
1847,广东省,河源,https://mp.weixin.qq.com/s/hywpRGEm_OJepGkhPbqYOQ,,,
1848,广东省,河源,https://mp.weixin.qq.com/s/yCMbVMLBuXAhTNhtzZeY7w,,,
1849,广东省,清远,https://m.mp.oeeee.com/a/BAAFRD000020200205258622.html,,,
1855,广东省,清远,https://mp.weixin.qq.com/s/MPkzfHNESrN7F8ZKCYob7Q,,,
1862,广东省,汕头,https://mp.weixin.qq.com/s/MJayWWtfMetX7uypjW34jA,,,
1864,广东省,汕头,https://mp.weixin.qq.com/s/Y2tnLZ1OaFofrnxWPtHREg,,,
1865,广东省,汕头,https://mp.weixin.qq.com/s/PP0Ae7iEqCdUTjgNfCvqCA,,,
1868,广东省,汕头,https://mp.weixin.qq.com/s/AL2WfgREI1kR0MaUaP3yVA,,,
1873,广东省,汕头,https://mp.weixin.qq.com/s/YgLkGhE1VlX6oQWl9nqyMg,,,
1877,广东省,惠州,https://mp.weixin.qq.com/s/YLSR_0NXJ5LUg6LWGW_aDg,,,
1878,广东省,惠州,https://m.mp.oeeee.com/a/BAAFRD000020200204257969.html,,,
1881,广东省,惠州,https://m.mp.oeeee.com/a/BAAFRD000020200205258863.html,,,
1882,广东省,惠州,https://mp.weixin.qq.com/s/az_BM3mznGq6X_L8ffzlGw,,,
1884,广东省,惠州,https://m.mp.oeeee.com/a/BAAFRD000020200204258381.html,,,
1893,广东省,惠州,https://mp.weixin.qq.com/s/i5Qja8vQ7wmL65JhuRxS-g,,,
1894,广东省,惠州,https://mp.weixin.qq.com/s/yq4IcgXi4vxQxO3UBYOZ-A,,,
1897,广东省,惠州,https://m.mp.oeeee.com/a/BAAFRD000020200204258186.html,,,
1900,广东省,惠州,https://mp.weixin.qq.com/s/o7hxc0RTqyeOCeVSg4j6xA,,,
1902,广东省,惠州,https://mp.weixin.qq.com/s/YfzMmv1vUZyiphWUgzOLlA,,,
1905,广东省,茂名,https://mp.weixin.qq.com/s/IGaJ4Sz0Uc7ncxnG1lrtGg,,,
1908,广东省,茂名,https://m.mp.oeeee.com/a/BAAFRD000020200205258617.html,,,
1909,广东省,茂名,https://mp.weixin.qq.com/s/92XTQRGQ4PLLM0yz9dgZHA,,,
1911,广东省,茂名,https://mp.weixin.qq.com/s/VHyCUTBLdswJUs4v94gCGg,,,
1912,广东省,茂名,https://mp.weixin.qq.com/s/DWFNXijNXN0pQLZr2icG5A,,,
1919,广东省,茂名,https://mp.weixin.qq.com/s/5VPghOXvdzGCxxZ5pZ65wg,,,
1920,广东省,阳江,https://mp.weixin.qq.com/s/ftLPQ6l4nOIX7aRnrRSLCA,,,
1921,广东省,阳江,https://mp.weixin.qq.com/s/58QJRgoIruKKOdvWfKXFBw,,,
1922,广东省,阳江,https://mp.weixin.qq.com/s/95NXnHRnYzEBJEuiYxlp5Q,,,
1927,广东省,汕尾,https://mp.weixin.qq.com/s/N76fZ6R4zeiB6Zqa3TYaxg,,,
1930,广东省,汕尾,https://mp.weixin.qq.com/s/Fb_mE4aL_anvVCxUbnR8OQ,,,
1936,广东省,湛江,https://mp.weixin.qq.com/s/4z6VMsRUUlQFhxdX65dGeg,,,
1938,广东省,湛江,https://mp.weixin.qq.com/s/RJLgbJ7EaZMJlbXIOdi1uA,,,
1941,广东省,湛江,https://mp.weixin.qq.com/s/ImcoQdy9mq5XDbeFW_77ig,,,
1947,广东省,湛江,https://mp.weixin.qq.com/s/38A4EVm7Z8vgTgjzgQ2MeA,,,
1948,广东省,湛江,https://mp.weixin.qq.com/s/seLEM6utIRjmlJnt1ObSmQ,,,
1950,广东省,湛江,https://mp.weixin.qq.com/s/O-d8n6f_AygAgNedh-sOoQ,,,
1954,广东省,潮州,https://mp.weixin.qq.com/s/qfgTktPEryCYGlVfiOOSxg,,,
1962,广东省,肇庆,https://mp.weixin.qq.com/s/vyMK9XAfBREa6c7KkQZE_g,,,
1966,广东省,肇庆,http://www.gaoyao.gov.cn/ztzlyqfk/content/post_1969957.html,,,
1970,广东省,肇庆,https://mp.weixin.qq.com/s/ed2Kqhl3SM9v84XkNu_kPg,,,
1979,广东省,梅州,https://mp.weixin.qq.com/s/8IrwkJ3QFO_QWNvNUEXeBg,,,
1983,广东省,梅州,https://mp.weixin.qq.com/s/KkYpkD4oV997_ZPNRa0vHg,,,
1985,广东省,梅州,https://mp.weixin.qq.com/s/3yMfjhjDS8rgi4OI4o7MoA,,,
1988,广东省,梅州,https://mp.weixin.qq.com/s/QLfdqXGeGMoiDdVn5CR-uA,,,
1990,广东省,梅州,https://mp.weixin.qq.com/s/HcxhAR_zyM42nRwYEPYPJQ,,,
1993,广东省,梅州,https://mp.weixin.qq.com/s/2HRalKs46VxIkbLMBBGbCA,,,
1996,广东省,梅州,https://www.meizhou.gov.cn/zwgk/zfjg/swsjkj/zfxxgkml/gzdt/content/mpost_1961826.html,,,
2000,广东省,江门,https://mp.weixin.qq.com/s/z1mVzAvyEoNiS2s0jsIgQw,,,
2007,广东省,江门,https://mp.weixin.qq.com/s/g5khDHYw8DsVIIlz9KlByg,,,
2017,广东省,江门,https://m.mp.oeeee.com/a/BAAFRD000020200205258549.html,,,
2018,广东省,江门,https://m.mp.oeeee.com/a/BAAFRD000020200207260189.html,,,
2023,广东省,江门,https://m.mp.oeeee.com/a/BAAFRD000020200204258092.html?layer=2&share=chat&isndappinstalled=0,,,
2024,广东省,江门,https://m.mp.oeeee.com/a/BAAFRD000020200205258549.html?from=singlemessage&isappinstalled=0,,,
2025,广东省,江门,https://m.mp.oeeee.com/a/BAAFRD000020200130255837.html?layer=2&share=chat&isndappinstalled=0,,,
2026,广东省,江门,http://www.jiangmen.gov.cn/home/zwyw/content/post_1970234.html,,,
2027,广东省,江门,https://m.mp.oeeee.com/a/BAAFRD000020200130255474.html,,,
2031,广东省,江门,https://m.mp.oeeee.com/a/BAAFRD000020200206259165.html,,,
2032,广东省,江门,https://m.mp.oeeee.com/a/BAAFRD000020200208260502.html?layer=2&share=chat&isndappinstalled=0,,,
2035,广东省,江门,https://m.mp.oeeee.com/a/BAAFRD000020200131256384.html,,,
2049,广东省,江门,https://m.mp.oeeee.com/a/BAAFRD000020200201256591.html?layer=3&share=chat&isndappinstalled=0,,,
2052,广东省,江门,https://m.mp.oeeee.com/a/BAAFRD000020200203257514.html?layer=4&share=chat&isndappinstalled=11,,,
2053,广东省,江门,https://m.mp.oeeee.com/a/BAAFRD000020200203257514.html?layer=4&share=chat&isndappinstalled=10,,,
2054,广东省,江门,https://m.mp.oeeee.com/a/BAAFRD000020200203257514.html?layer=4&share=chat&isndappinstalled=9,,,
2055,广东省,江门,https://m.mp.oeeee.com/a/BAAFRD000020200203257514.html?layer=4&share=chat&isndappinstalled=8,,,
2056,广东省,江门,https://m.mp.oeeee.com/a/BAAFRD000020200203257514.html?layer=4&share=chat&isndappinstalled=7,,,
2057,广东省,江门,https://m.mp.oeeee.com/a/BAAFRD000020200203257514.html?layer=4&share=chat&isndappinstalled=6,,,
2058,广东省,江门,https://m.mp.oeeee.com/a/BAAFRD000020200203257514.html?layer=4&share=chat&isndappinstalled=5,,,
2059,广东省,江门,https://m.mp.oeeee.com/a/BAAFRD000020200203257514.html?layer=4&share=chat&isndappinstalled=2,,,
2060,广东省,江门,https://m.mp.oeeee.com/a/BAAFRD000020200203257514.html?layer=4&share=chat&isndappinstalled=1,,,
2061,广东省,江门,https://m.mp.oeeee.com/a/BAAFRD000020200203257514.html?layer=4&share=chat&isndappinstalled=0,,,
2062,广东省,江门,https://m.mp.oeeee.com/a/BAAFRD000020200203257514.html?layer=4&share=chat&isndappinstalled=16,,,
2063,广东省,江门,https://m.mp.oeeee.com/a/BAAFRD000020200203257514.html?layer=4&share=chat&isndappinstalled=13,,,
2064,广东省,江门,https://m.mp.oeeee.com/a/BAAFRD000020200203257514.html?layer=4&share=chat&isndappinstalled=12,,,
2067,广东省,江门,https://m.mp.oeeee.com/a/BAAFRD000020200203257514.html?layer=4&share=chat&isndappinstalled=3,,,
2068,广东省,中山,https://mp.weixin.qq.com/s/d3ON0qecuZkcysq9iBHIag,,,
2069,广东省,中山,https://m.mp.oeeee.com/a/BAAFRD000020200205258552.html,,,
2070,广东省,中山,https://mp.weixin.qq.com/s/uiBhG5cbibkaO3D2wSMrzA,,,
2071,广东省,中山,https://m.mp.oeeee.com/a/BAAFRD000020200203257453.html?from=singlemessage,,,
2075,广东省,中山,https://m.mp.oeeee.com/a/BAAFRD000020200206259126.html?from=singlemessage,,,
2081,广东省,中山,https://m.mp.oeeee.com/a/BAAFRD000020200204257986.html,,,
2082,广东省,中山,https://m.mp.oeeee.com/a/BAAFRD000020200204258006.html?from=singlemessage,,,
2083,广东省,中山,https://m.mp.oeeee.com/a/BAAFRD000020200206259126.html?layer=2&share=chat&isndappinstalled=0,,,
2091,广东省,中山,https://mp.weixin.qq.com/s/03w_HdZGypbtAG33jikquw,,,
2103,广东省,中山,https://mp.weixin.qq.com/s/FEf_w5LyNb8-xXKA_T3e5g,,,
2108,广东省,东莞,https://mp.weixin.qq.com/s/dmH5ZJzGZpbipMwArjR0ew,,,
2111,广东省,东莞,https://mp.weixin.qq.com/s/qnN8WIp6bdivLrcxn3kw8A,,,
2112,广东省,东莞,https://mp.weixin.qq.com/s/d9aurz1S2epuqAQy3ZL_hw,,,
2114,广东省,东莞,https://mp.weixin.qq.com/s/sHZtvU0GD-sUbKT8lexYZA,,,
2119,广东省,东莞,https://mp.weixin.qq.com/s/NzxO4EDvIgv2uf34rtRogQ,,,
2123,广东省,东莞,https://mp.weixin.qq.com/s/jUNaWRR69mvaMgpcnAVvVA,,,
2129,广东省,东莞,https://mp.weixin.qq.com/s/DGeAhP_Mks4hJputXQK4_w,,,
2147,广东省,东莞,https://mp.weixin.qq.com/s/VlptYBqxOilNbokYmgAq3w,,,
2153,广东省,东莞,https://m.mp.oeeee.com/a/BAAFRD000020200205258967.html,,,
2159,广东省,佛山,https://m.mp.oeeee.com/a/BAAFRD000020200206259435.html?from=groupmessage&isappinstalled=0,,,
2163,广东省,佛山,https://mp.weixin.qq.com/s/4-mv1FvXQTyf4TUV4S7R4Q,,,
2167,广东省,佛山,https://m.mp.oeeee.com/a/BAAFRD000020200205258804.html,,,
2170,广东省,佛山,https://mp.weixin.qq.com/s/DJ2wqPqYHw-jyUCs82g3rg,,,
2177,广东省,佛山,https://mp.weixin.qq.com/s/aupP3RkGcLcJ3kcRTWIQSw,,,
2190,广东省,佛山,https://m.mp.oeeee.com/a/BAAFRD000020200205258812.html,,,
2197,广东省,佛山,https://mp.weixin.qq.com/s/SRElAd3cHRF5Z1yIJOeMYQ,,,
2209,广东省,珠海,https://m.mp.oeeee.com/a/BAAFRD000020200203257425.html,,,
2210,广东省,珠海,https://m.mp.oeeee.com/a/BAAFRD000020200205258595.html,,,
2214,广东省,珠海,https://m.mp.oeeee.com/a/BAAFRD000020200205258816.html,,,
2215,广东省,珠海,https://m.mp.oeeee.com/a/BAAFRD000020200131256329.html,,,
2218,广东省,珠海,https://mp.weixin.qq.com/s/niO2D4Y69Z9A_jSQ05fWVw,,,
2220,广东省,珠海,https://mp.weixin.qq.com/s?__biz=MzA4MjEzOTQ4Mw==&mid=2650628055&idx=1&sn=67079b69b434704c52c1be7a42f754b8&chksm=8783bfe3b0f436f58d5f7f9714645cc90eba7bea161d08383cb0897a3228ec8aeec61eb7c64f&mpshare=1&scene=1&srcid=&sharer_sharetime=1581135000671&sharer_sh,,,
2221,广东省,珠海,https://m.mp.oeeee.com/a/BAAFRD000020200204258006.html,,,
2223,广东省,珠海,http://wsjkj.zhuhai.gov.cn/zwgk/tzgg/content/post_2466822.html,,,
2225,广东省,珠海,https://mp.weixin.qq.com/s/C6HaqZrzTVpjx87YYtPdLg,,,
2239,广东省,珠海,https://mp.weixin.qq.com/s/VnxpNxpR_9C68QcaLM0Hcg,,,
2244,广东省,珠海,https://m.mp.oeeee.com/a/BAAFRD000020200203257725.html,,,
2245,广东省,珠海,https://m.mp.oeeee.com/a/BAAFRD000020200202256893.html,,,
2246,广东省,深圳,https://mp.weixin.qq.com/s/K-sGSnsJxXeBykGxzheZgw,,,
2249,广东省,深圳,https://mp.weixin.qq.com/s/0l60ZqTHkZ0x9gIJJ_L1GQ,,,
2250,广东省,深圳,https://mp.weixin.qq.com/s/jEj6-XPSjBx4QmbAHPvcaA,,,
2252,广东省,深圳,https://mp.weixin.qq.com/s/k6QZ28KFo3_9-Jvp2td2HA,,,
2255,广东省,深圳,https://mp.weixin.qq.com/s/98eYE6zMZSBWQfNqJZbTJA,,,
2256,广东省,深圳,https://mp.weixin.qq.com/s/7aB-WIhbkljfsaO6in6cIw,,,
2264,广东省,深圳,https://mp.weixin.qq.com/s/fCvbNEJExzzEE94c5o0mJg,,,
2303,广东省,深圳,https://mp.weixin.qq.com/s/QxB_8cidgtnMyYPLYRhuiA,,,
2389,广东省,深圳,https://mp.weixin.qq.com/s/MaIhftMbVTrBaslpSPNkuA,,,
2390,广东省,深圳,https://mp.weixin.qq.com/s/Ilcw8gqTBS1mj2sL9y8BBw,,,
2447,广东省,深圳,https://mp.weixin.qq.com/s/e-amp6o98SLDq_lWixvHXQ,,,
2449,广东省,深圳,https://mp.weixin.qq.com/s/AZnrdhDgVfn97M0c70VsPQ,,,
2480,广东省,广州,https://mp.weixin.qq.com/s/LBJ9bWwWH3dIDgHbX3JrMA,,,
2481,广东省,广州,https://m.mp.oeeee.com/a/BAAFRD000020200206259154.html,,,
2485,广东省,广州,http://wjw.gz.gov.cn/ztzl/xxfyyqfk/yqtb/content/post_5655251.html,,,
2500,广东省,广州,https://mp.weixin.qq.com/s/UBvWAGWqx5upnac0ewUEQg,,,
2505,广东省,广州,https://mp.weixin.qq.com/s/oSfryyVX7e2CaDTyVRBR1A,,,
2507,广东省,广州,https://mp.weixin.qq.com/s/qMb78wvftwMT0Fx-fbgkVA,,,
2508,广东省,广州,https://mp.weixin.qq.com/s/eiEGjqgwS1aD473ux2_5-g,,,
2549,广东省,广州,https://m.mp.oeeee.com/a/BAAFRD000020200212262511.html,,,
2550,广东省,广州,http://wjw.gz.gov.cn/ztzl/xxfyyqfk/yqtb/content/post_5662091.html,,,
2650,广东省,广州,http://www.gz.gov.cn/zt/qlyfdyyqfkyz/qktb/content/mpost_5650490.html,,,
2656,广东省,广州,http://news.gxnews.com.cn/staticpages/20200209/newgx5e3f4bbc-19247534-3.shtml,,,
2675,广西省,钦州,https://mp.weixin.qq.com/s/vtDaHndJuetQcEnRKHy-Zg,,,
2684,广西省,钦州,https://mp.weixin.qq.com/s/_w9qqAIgV8kIQGOL4pKCaQ,,,
2689,广西省,河池,https://mp.weixin.qq.com/s/LcR9UuoA-NO5Gx3AOYw5cQ,,,
2695,广西省,河池,https://mp.weixin.qq.com/s/nCz7_mN8s0wERezwMWzYkg,,,
2702,广西省,河池,https://mp.weixin.qq.com/s/8SeW6vjbDdYYbit8M7L32g,,,
2707,广西省,北海,https://mp.weixin.qq.com/s/Hs6IpqXoxWCPWX5Rg3YtwA,,,
2733,广西省,北海,https://mp.weixin.qq.com/s/XzA587DmEzSbqhJIQoCNQw,,,
2735,广西省,防城港,https://mp.weixin.qq.com/s/k9mJHlu11N5bLxS9-QWXWA,,,
2759,广西省,来宾,https://mp.weixin.qq.com/s/CYpPGPDaLKvgJcFUQkAmMA,,,
2773,广西省,来宾,https://mp.weixin.qq.com/s/bDY_tLAOKtfouxq2EisYbw,,,
2776,广西省,南宁,https://mp.weixin.qq.com/s/Zdmaa1kmqYMoB6xkFCpkiQ,,,
2779,广西省,南宁,https://mp.weixin.qq.com/s/qsbIODI2G57axt9zr86eRg,,,
2793,广西省,南宁,https://mp.weixin.qq.com/s/yVDG6TXMT1Zzh19_I16RIA,,,
2801,江苏省,宿迁,https://mp.weixin.qq.com/s/pAaXlR0Rc7IjTkrJ_nmOHw,,,
2804,江苏省,宿迁,https://mp.weixin.qq.com/s/1gv6bdr4kVBq4nUYOMqJHg,,,
2806,江苏省,宿迁,https://mp.weixin.qq.com/s/o8htUb-Eq0jI-18koz4JSA,,,
2808,江苏省,无锡,https://m.weibo.cn/2696049583/4471069631276897,,,
2809,江苏省,无锡,https://mp.weixin.qq.com/s/FWKtmhG1RatdCHr9xbi8BA,,,
2810,江苏省,无锡,https://mp.weixin.qq.com/s/o4-fapKzTjvlipnzAVLl1w,,,
2814,江苏省,无锡,https://mp.weixin.qq.com/s/dRjkxfEcW0bkaunMwUy34A,,,
2817,江苏省,无锡,https://mp.weixin.qq.com/s/Yx-Ohz3z750dVg-PVjKuGA,,,
2828,江苏省,无锡,https://mp.weixin.qq.com/s/6HsCqI-UCMAuaZFr8rlxJw,,,
2835,江苏省,镇江,https://weibo.com/3708395841/ItfHpvNES,,,
2837,江苏省,扬州,http://wjw.yangzhou.gov.cn/yzwshjh/ywkd/202002/4b500b760c2b44a2a848d933f04d0bd9.shtml,,,
2838,江苏省,扬州,https://mp.weixin.qq.com/s/fkYowdgml8AjCWZgnGys0A,,,
2839,江苏省,扬州,http://news.jsdushi.cn/2020/0206/176343.shtml,,,
2842,江苏省,扬州,https://weibo.com/2571494540/IsDhXeoEs,,,
2845,江苏省,扬州,https://mp.weixin.qq.com/s/9bnNYJhuhWRqSFptaljfVg,,,
2852,江苏省,徐州,http://www.xzcdc.com/index.php/news/15370.html,,,
2854,江苏省,徐州,https://weibo.com/2778558737/IrJFKaiGy,,,
2855,江苏省,徐州,https://weibo.com/3514316985/IsL3ssFed,,,
2856,江苏省,徐州,https://weibo.com/3514316985/It5aGnwoO,,,
2857,江苏省,徐州,https://mp.weixin.qq.com/s/sxm1xwYLSn-6jOxLBpNWtQ,,,
2858,江苏省,徐州,https://mp.weixin.qq.com/s/DX_OCldc4rqKVTkdyB7dpA,,,
2866,江苏省,徐州,https://weibo.com/3514316985/ItwBpeLTR,,,
2868,江苏省,徐州,https://m.weibo.cn/3514316985/4471078070483051,,,
2877,江苏省,徐州,https://weibo.com/3514316985/Is0kHBOXK,,,
2885,江苏省,泰州,https://mp.weixin.qq.com/s/lw2R8xIcMTmWAQT553sNZg,,,
2888,江苏省,泰州,https://mp.weixin.qq.com/s/_hz2fFsD3Bk9LVRYd8keJw,,,
2899,江苏省,泰州,https://weibo.com/3027199613/Isul9fW6N,,,
2902,江苏省,泰州,http://www.xinghua.gov.cn/art/2020/2/3/art_48705_2646866.html,,,
2905,江苏省,泰州,https://mp.weixin.qq.com/s/eYs4UbtThLu9c6PiU9hUYw,,,
2907,江苏省,泰州,https://mp.weixin.qq.com/s/2UKUcKu9dqb07I_-o6tK4A,,,
2919,江苏省,泰州,https://weibo.com/3027199613/IsMVTEteN,,,
2921,江苏省,泰州,https://weibo.com/3027199613/IsEmIqSHo,,,
2922,江苏省,泰州,https://weibo.com/3027199613/IrIkbhWVM,,,
2925,江苏省,泰州,https://weibo.com/3027199613/Is20V8Wc0,,,
2926,江苏省,泰州,https://weibo.com/3027199613/IsX8O8Yux,,,
2935,江苏省,泰州,https://weibo.com/3195538854/IrQOLCagX,,,
2936,江苏省,泰州,https://weibo.com/3195538854/It3PKyfDn,,,
2937,江苏省,南通,https://weibo.com/3106250394/Itnq2hk8J?from=page_1001063106250394_profile&wvr=6&mod=weibotime&type=comment,,,
2939,江苏省,南通,https://weibo.com/3106250394/Ite2OsE5Q,,,
2943,江苏省,南通,https://mp.weixin.qq.com/s/FLe8d03dcoUUlDa_ItdHKQ,,,
2945,江苏省,南通,https://weibo.com/3106250394/IsbAElCy7,,,
2946,江苏省,南通,https://weibo.com/3300916952/IrLsMsLyx,,,
2947,江苏省,南通,https://weibo.com/3106250394/It4dS3cKQ,,,
2956,江苏省,南通,https://m.weibo.cn/3106250394/4471081311979119,,,
2957,江苏省,南通,https://mp.weixin.qq.com/s/3f05FFRTdfbFKtv-hit0bQ,,,
2962,江苏省,南通,https://weibo.com/3106250394/IsVgJEpsj,,,
2963,江苏省,南通,https://weibo.com/3106250394/IroznCHzT,,,
2967,江苏省,连云港,https://mp.weixin.qq.com/s/JJ7L8BzpN8SVoXOp-6-bdg,,,
2968,江苏省,连云港,https://mp.weixin.qq.com/s/NItxNmksEW8lOLGM8hK-3Q,,,
2969,江苏省,连云港,https://mp.weixin.qq.com/s/DQ5HNF9Q8070UTvYqsma5A,,,
2970,江苏省,连云港,https://weibo.com/5303188384/It7ws2pkb,,,
2973,江苏省,连云港,https://weibo.com/5303188384/It3Gr8Mo5,,,
2974,江苏省,连云港,https://mp.weixin.qq.com/s/hXdjBafkbqhgahUIc0JipA,,,
2976,江苏省,连云港,https://m.weibo.cn/5303188384/4471101888928218,,,
2977,江苏省,连云港,https://mp.weixin.qq.com/s/IPBMiQuWwPMvpCfkr0oyAQ,,,
2978,江苏省,连云港,https://weibo.com/5303188384/Itng9ru7n?filter=hot&root_comment_id=0&type=comment#_rnd1581234849105,,,
2979,江苏省,连云港,https://weibo.com/5303188384/Itng9ru7n?filter=hot&root_comment_id=0&type=comment#_rnd1581234863994,,,
2980,江苏省,连云港,https://weibo.com/5303188384/IsuoF3NFV,,,
2981,江苏省,连云港,https://weibo.com/5303188384/IsBlB8D8q,,,
2984,江苏省,连云港,https://weibo.com/5303188384/IsLu3ih93,,,
2987,江苏省,常州,https://mp.weixin.qq.com/s/YxDJyXK0vsUdmG_cNslyjQ,,,
2990,江苏省,常州,https://mp.weixin.qq.com/s/z4mYtQtl-2KBWfdiuz9png,,,
2993,江苏省,常州,https://weibo.com/1861977260/It6Hqbxna,,,
3001,江苏省,常州,https://weibo.com/1870507381/Is2Ur07zO,,,
3008,江苏省,常州,http://epaper.cz001.com.cn/site1/czrb/html/2020-02/02/content_328446.htm,,,
3009,江苏省,常州,https://weibo.com/1861977260/Itg0CkBXQ,,,
3010,江苏省,常州,https://weibo.com/1870507381/IsBOmrAsp,,,
3011,江苏省,淮安,http://wjw.huaian.gov.cn/wjyw/wjyw/content/202002/1580899043609fcZFeNf8.html,,,
3013,江苏省,淮安,https://weibo.com/3582010354/IsUkPqEFU,,,
3016,江苏省,淮安,http://wjw.huaian.gov.cn/wjyw/wjyw/content/202002/15811323541031AK4YbC8.html,,,
3018,江苏省,淮安,https://m.weibo.cn/3582010354/4471077692740718,,,
3019,江苏省,淮安,http://wjw.huaian.gov.cn/wjyw/wjyw/content/202002/1581215246863bL9C961D.html,,,
3025,江苏省,淮安,https://weibo.com/3582010354/It3SusU0X,,,
3046,江苏省,淮安,http://wjw.huaian.gov.cn/wjyw/wjyw/content/202002/1581302280550qSL8uKku.html,,,
3047,江苏省,南京,http://news.jstv.com/a/20200205/1580866271494.shtml,,,
3048,江苏省,南京,https://mp.weixin.qq.com/s/GxgTTV3Ki5xY20jQW_HIHw,,,
3053,江苏省,南京,http://news.jstv.com/a/20200210/1581308581480.shtml,,,
3058,江苏省,南京,https://mp.weixin.qq.com/s/Qre3frEzlIOY5L18UXCNSA,,,
3090,江苏省,南京,https://mp.weixin.qq.com/s/pY_9mMSgmGZrabfiS0KmWg,,,
3107,江苏省,盐城,https://mp.weixin.qq.com/s/qqDFZYPKUkOz3ZMuUJ9MZw,,,
3108,江苏省,苏州,https://mp.weixin.qq.com/s/Y9w2urJhq0TFjvbOgHxd8A,,,
3109,江苏省,苏州,https://weibo.com/2998045524/ItwSph7X5,,,
3110,江苏省,苏州,https://weibo.com/ttarticle/p/show?id=2309404469287187251202,,,
3112,江苏省,苏州,http://wsjkw.suzhou.gov.cn/szswjw/gsgg/202002/94a3d8b181984f3087965209941a2715.shtml,,,
3130,江苏省,苏州,https://mp.weixin.qq.com/s/eDIK0nWzt1ZBaLylYdps_Q,,,
3136,江苏省,苏州,https://weibo.com/2998045524/ItdqBsqOl,,,
3150,江苏省,苏州,https://weibo.com/ttarticle/p/show?id=2309404468909901217992,,,
3167,江苏省,苏州,https://weibo.com/ttarticle/p/show?id=2309404469992069398597,,,
3172,江西省,吉安,https://mp.weixin.qq.com/s/I8W5RhgaVZE5pV9gf010Ew,,,
3173,江西省,吉安,http://wsjk.jian.gov.cn/news-show-2174.html,,,
3179,江西省,吉安,https://mp.weixin.qq.com/s/3Zem9a3AzSiEQZCUnO1KfA,,,
3180,江西省,吉安,https://mp.weixin.qq.com/s/xopL9MDMzLo1JFsK_slx4A,,,
3189,江西省,萍乡,https://mp.weixin.qq.com/s/PxlQtWded0LAEHEEjPPQjQ,,,
3190,江西省,萍乡,https://mp.weixin.qq.com/s/dxEv5nv9rUroHLRLYHAxtg,,,
3191,江西省,萍乡,https://mp.weixin.qq.com/s?__biz=MjM5Nzg4MzQ2Mg==&mid=2650194859&idx=1&sn=0a4333612ed752f12ee6295548e84347&chksm=bed1588289a6d19417a7cd3a7deb09dc04d62698e537360b975b6baf9b900eb2beccf15ebcd9&mpshare=1&scene=1&srcid=&sharer_sharetime=1580975208434&sharer_sh,,,
3192,江西省,萍乡,https://mp.weixin.qq.com/s/eyWtqJhVI-qGRw6jauEGLg,,,
3193,江西省,萍乡,https://mp.weixin.qq.com/s/2w2qOhTZjR3uYNNGifBpDQ,,,
3197,江西省,萍乡,https://mp.weixin.qq.com/s/gd2P77m_DseuaCvzmHLwbg,,,
3201,江西省,上饶,http://www.srswjw.gov.cn/front/article/7238.html,,,
3203,江西省,上饶,https://mp.weixin.qq.com/s/yyeefgne4StL6ZH9mRh80Q,,,
3204,江西省,上饶,https://mp.weixin.qq.com/s/mKsViHKRTxag3l-sTg2Urw,,,
3207,江西省,上饶,https://mp.weixin.qq.com/s/HuulQyTDPnEGqZ-ZZfbX7A,,,
3208,江西省,上饶,https://mp.weixin.qq.com/s/TibIRvIuqJBC16x6b_vpXw,,,
3212,江西省,上饶,https://mp.weixin.qq.com/s/MGbOwHDsngJuT8ol3nzi5Q,,,
3262,江西省,宜春,https://mp.weixin.qq.com/s/KMiQi-3fAdn3JFbn0tcOQg,,,
3266,江西省,宜春,https://m.toutiaocdn.com/group/6791268001657127436/?app=news_article&timestamp=1581252811&req_id=202002092053310100140470701A461160&group_id=6791268001657127436&tt_from=weixin&utm_source=weixin&utm_medium=toutiao_ios&utm_campaign=client_share&wxshare_coun,,,
3270,江西省,宜春,https://mp.weixin.qq.com/s/LxclTmgfSbukhH5oTIdr0w,,,
3274,江西省,宜春,https://mp.weixin.qq.com/s/6X-cG1Z1irkjHKOrlSTNAA,,,
3300,江西省,鹰潭,https://mp.weixin.qq.com/s/mFkQtYCCYo_9rBwuNjnIww,,,
3301,江西省,鹰潭,https://mp.weixin.qq.com/s/5en7VWH-zQq2hsoyYJEKZw,,,
3302,江西省,鹰潭,https://mp.weixin.qq.com/s/gJGNEmWU-D7kbjbm7bZ2tA,,,
3314,江西省,新余,https://mp.weixin.qq.com/s/Czd2CidACQnTbK0HSNFXkg,,,
3318,江西省,新余,https://mp.weixin.qq.com/s/QDYW-XB5wTqQ3MtrMnRezg,,,
3376,江西省,抚州,https://mp.weixin.qq.com/s/brhYtrHRMv5rb_SYHoX3fA,,,
3381,江西省,抚州,https://mp.weixin.qq.com/s/p5bcA_J7opxTUssik-JVCQ,,,
3392,江西省,抚州,https://mp.weixin.qq.com/s/wRgywU_ZypXgtWaR3EdPIA,,,
3398,江西省,赣州,https://mp.weixin.qq.com/s/hVqIGT6oHE6SqMLZccPlKw,,,
3399,江西省,赣州,https://mp.weixin.qq.com/s/etY3u55Oj2ZcDqGYF8Eqzw,,,
3410,江西省,九江,https://card.weibo.com/article/m/show/id/2309404471104675643409?_wb_client_=1,,,
3411,江西省,九江,https://mp.weixin.qq.com/s/fPpnDko-ncGen6ISQuz2XQ,,,
3413,江西省,九江,https://mp.weixin.qq.com/s/8sKca0gt62A9GJ00svCxKg,,,
3414,江西省,九江,https://mp.weixin.qq.com/s/Bxn0kw8IvnAE9qeSdD_hMw,,,
3441,江西省,南昌,https://mp.weixin.qq.com/s/ewC9jHaP1KDnI3MdgCBc1w,,,
3445,江西省,南昌,http://hc.nc.gov.cn/ncwjw/gzdt/202002/b5cf89720dbf4968850892328059db4c.shtml,,,
3447,江西省,南昌,https://mp.weixin.qq.com/s/s9e9yhRFl_M3lMio7fgKYw,,,
3539,江西省,南昌,https://mp.weixin.qq.com/s/qvxbEfA05GvgHOu4LT616w,,,
3549,江西省,南昌,https://mp.weixin.qq.com/s/_wZ6KIu2ZtsDqo-XwT-4jA,,,
3581,河北省,石家庄,https://mp.weixin.qq.com/s/ENBcukErQaX-ykk9P2usZQ,,,
3583,河北省,石家庄,https://mp.weixin.qq.com/s/DADqrN4SFpzy2ByTXzDAuQ,,,
3584,河北省,廊坊,http://www.yandunews.com/html/2020/bingli_0209/12.html,,,
3586,河北省,廊坊,https://mp.weixin.qq.com/s/zvH_VTz78w_y1Nap991WmQ,,,
3587,河北省,廊坊,https://mp.weixin.qq.com/s/gw0aNupdf5CSloA21lifMQ,,,
3588,河北省,廊坊,https://mp.weixin.qq.com/s/OYYbawr_Jxl6yCNMtm1Fwg,,,
3589,河北省,张家口,https://mp.weixin.qq.com/s/Cdb_yvLuvTFpzvPH8T6JiQ,,,
3590,河北省,张家口,https://mp.weixin.qq.com/s?__biz=MzAwNjg3OTE4Ng==&mid=2247515156&idx=1&sn=21f4324a5d663fa92b936474b3100ada&chksm=9b045ea9ac73d7bf14585418731aa39c99d8de4dfa75e8ca1038b4f24bafd0ad0ab3f5cdd746&mpshare=1&scene=1&srcid=&sharer_sharetime=1581076487530&sharer_sh,,,
3592,河北省,承德,https://mp.weixin.qq.com/s/bxdWsKmH7pdyrzcKSWJ2gA,,,
3594,河北省,邢台,https://mp.weixin.qq.com/s?__biz=MzA4NjUyMjMzMA==&mid=2650788957&idx=1&sn=d86b897d738dab5a2865f1f8593fe542&chksm=87cc14e8b0bb9dfeed22f33081f69742a1b7e04c4674444bba70c2bea233b115d115ada380d9&mpshare=1&scene=1&srcid=&sharer_sharetime=1580975167689&sharer_sh,,,
3602,河北省,邢台,https://mp.weixin.qq.com/s?__biz=MzA4NjUyMjMzMA==&mid=2650789184&idx=1&sn=5e345c515918178fd5174de97d81a33d&chksm=87cc15f5b0bb9ce3edb28b3763e835e93e2b0d00ee169a842df3c0c790ac70c92512d1b8a16a&mpshare=1&scene=1&srcid=&sharer_sharetime=1580976654951&sharer_sh,,,
3607,河北省,邢台,http://www.yandunews.com/html/2020/bingli_0209/8.html,,,
3615,河北省,邢台,https://mp.weixin.qq.com/s/R5kMPbEbWELYaMu42nLu2Q,,,
3616,河北省,邢台,https://mp.weixin.qq.com/s/zXuMrTQR4wdKjaIW_th68Q,,,
3624,河北省,秦皇岛,https://mp.weixin.qq.com/s/vQVo8zu2Tb55phTBCFaRKA,,,
3626,河北省,秦皇岛,https://mp.weixin.qq.com/s/FxyY0OvaYiJZOeCYbgD1rw,,,
3628,河北省,邯郸,http://www.yandunews.com/html/2020/bingli_0209/7.html,,,
3632,河北省,邯郸,https://mp.weixin.qq.com/s?__biz=MzA4NjUyMjMzMA==&mid=2650789284&idx=1&sn=98ff3db390dc1b22dd1b85c0e1841b68&chksm=87cc1511b0bb9c073b60a11bbc9998a54a0ad295e7ad7b6d4a980d4b9d6f4be658357fb302b3&mpshare=1&scene=1&srcid=&sharer_sharetime=1581068168354&sharer_sh,,,
3642,河北省,唐山,https://mp.weixin.qq.com/s/g_4VCOuM7hqusovihy6p9w,,,
3645,河北省,唐山,http://www.yandunews.com/html/2020/bingli_0209/13.html,,,
3647,河北省,唐山,https://mp.weixin.qq.com/s/mo73WmY2pkzFQMpO15cV_w,,,
3652,河北省,唐山,https://mp.weixin.qq.com/s?__biz=MzA4NjUyMjMzMA==&mid=2650789511&idx=1&sn=2421038cd68b88d4dc43803f17176b97&chksm=87cc1632b0bb9f2453eb02982848ade9668f6003f60bd1ccca015cba787ed1f8a46e158d0b49&mpshare=1&scene=1&srcid=&sharer_sharetime=1581068189987&sharer_sh,,,
3659,河北省,唐山,https://mp.weixin.qq.com/s/cv282qdn7xnl7zV_t1KzcA,,,
3674,河北省,唐山,https://mp.weixin.qq.com/s?__biz=MzA4NjUyMjMzMA==&mid=2650788921&idx=1&sn=453b3b352e07b8ceda3d21fab1634332&chksm=87cc148cb0bb9d9a6788e15aa0d63ce1488b17263b78e0aa998b5fa6eb440787ecb413d2db27&mpshare=1&scene=1&srcid=&sharer_sharetime=1580972164289&sharer_sh,,,
3687,河北省,沧州,https://mp.weixin.qq.com/s/5Er7Ahndn1_ObDZx9aH8pw,,,
3688,河北省,沧州,https://mp.weixin.qq.com/s/vW47OEy7YrDpRpNDCzCOJw,,,
3703,河北省,沧州,https://mp.weixin.qq.com/s/ZzQv9sXypJbRpWbBAgq7ng,,,
3718,河北省,保定,https://mp.weixin.qq.com/s/Mt1qtmBb_qB9OZN9_rvVeQ,,,
3736,河北省,保定,https://mp.weixin.qq.com/s/THzqA5F96TZCiv_RVEotfQ,,,
3741,河南省,开封,http://www.kfwsjsw.gov.cn/news/wsxw/20200211/8438.html,,,
3742,河南省,开封,http://www.kfwsjsw.gov.cn/news/wsxw/20200209/8430.html,,,
3743,河南省,开封,http://www.kfwsjsw.gov.cn/news/wsxw/20200205/8407.html,,,
3744,河南省,开封,http://www.kfwsjsw.gov.cn/news/wsxw/20200206/8414.html,,,
3745,河南省,开封,http://www.kfwsjsw.gov.cn/news/wsxw/20200208/8425.html,,,
3747,河南省,开封,https://news.dahebao.cn/dahe/appcommunity/1491148?newsId=1491148,,,
3754,河南省,开封,http://www.kfwsjsw.gov.cn/news/wsxw/20200131/8325.html,,,
3761,河南省,焦作,https://mp.weixin.qq.com/s/6RdK1ukOydmR3A_8QZtPFA,,,
3762,河南省,焦作,https://mp.weixin.qq.com/s/GzK5KVnWW0dh46WLZjoKNw,,,
3763,河南省,焦作,https://mp.weixin.qq.com/s/p46ypJC2ELjLhewdnlkJzg,,,
3764,河南省,焦作,https://mp.weixin.qq.com/s/yK4ZxXpNhxJC785S9tg8Dg,,,
3766,河南省,焦作,http://www.qinyang.gov.cn/index.php?s=/Home/Article/detail/id/12081.html,,,
3768,河南省,焦作,https://news.dahebao.cn/dahe/appcommunity/1491140?newsId=1491140,,,
3769,河南省,焦作,https://mp.weixin.qq.com/s/lBog2BYdjrO8zg0AFaBXxA,,,
3772,河南省,焦作,http://www.syq.gov.cn/sitesources/syq/page_pc/ztzl/kjyqxxgzbdfyyqqk/yqtb/article3388a2746fa64da8893474ce3f2fda1a.html,,,
3775,河南省,焦作,http://www.qinyang.gov.cn/index.php?s=/Home/Article/detail/id/12118.html,,,
3778,河南省,焦作,http://www.qinyang.gov.cn/index.php?s=/Home/Article/detail/id/12203.html,,,
3784,河南省,焦作,http://www.qinyang.gov.cn/index.php?s=/Home/Article/detail/id/12013.html,,,
3788,河南省,安阳,https://mp.weixin.qq.com/s/bHf0lBlWdtvLQZE7HWk2Fg,,,
3789,河南省,安阳,http://www.ayrbs.com/news/2020-02/04/content_2107680.htm,,,
3799,河南省,安阳,http://www.anyang.gov.cn/sitegroup/root/html/00000000361142360136385855fe2882/20200207085154121.html,,,
3800,河南省,安阳,http://www.ayrbs.com/news/2020-01/28/content_2103061.htm,,,
3801,河南省,安阳,https://www.dahebao.cn/news/1489063?cid=1489063,,,
3803,河南省,安阳,https://mp.weixin.qq.com/s/IAbKHP60G1uF3EkHP-wOBA,,,
3809,河南省,安阳,https://news.dahebao.cn/dahe/appcommunity/1491145?newsId=1491145,,,
3813,河南省,安阳,https://mp.weixin.qq.com/s/UHnX44UlVScVrzaQz2OUvw,,,
3824,河南省,安阳,http://www.anyang.gov.cn/sitegroup/root/html/00000000361142360136385855fe2882/20200203100650374.html,,,
3827,河南省,洛阳,http://www.lyws.gov.cn/doc/4/2002/4807.html,,,
3828,河南省,洛阳,http://www.lyws.gov.cn/doc/4/2002/4776.html,,,
3829,河南省,洛阳,http://www.lyws.gov.cn/doc/4/2002/4789.html,,,
3831,河南省,洛阳,https://news.dahebao.cn/dahe/appcommunity/1491147?newsId=1491147,,,
3832,河南省,洛阳,http://www.lyws.gov.cn/doc/4/2002/4788.html,,,
3834,河南省,洛阳,http://www.lyws.gov.cn/doc/4/2002/4779.html,,,
3835,河南省,洛阳,http://www.lyws.gov.cn/doc/4/2002/4782.html,,,
3838,河南省,洛阳,http://www.lyws.gov.cn/doc/4/2002/4778.html,,,
3842,河南省,平顶山,http://pdswsjsw.gov.cn/contents/10088/273079.html,,,
3843,河南省,平顶山,http://pdswsjsw.gov.cn/contents/10088/272837.html,,,
3844,河南省,平顶山,http://pdswsjsw.gov.cn/contents/10088/271663.html,,,
3846,河南省,平顶山,http://pdswsjsw.gov.cn/contents/10088/271313.html,,,
3848,河南省,平顶山,http://pdswsjsw.gov.cn/contents/10088/272442.html,,,
3849,河南省,平顶山,https://news.dahebao.cn/dahe/appcommunity/1491133?newsId=1491133,,,
3850,河南省,平顶山,http://pdswsjsw.gov.cn/contents/10088/272117.html,,,
3868,河南省,平顶山,http://pdswsjsw.gov.cn/contents/10088/272596.html,,,
3870,河南省,平顶山,http://pdswsjsw.gov.cn/contents/10088/271854.html,,,
3885,河南省,周口,http://www.hazhoukou.gov.cn/Article/Index?Id=61414,,,
3886,河南省,周口,http://www.hazhoukou.gov.cn/Article/Index?Id=61013,,,
3887,河南省,周口,http://www.hazhoukou.gov.cn/Article/Index?Id=61074,,,
3888,河南省,周口,http://www.hazhoukou.gov.cn/Article/Index?Id=61322,,,
3889,河南省,周口,https://www.dahebao.cn/detail.html?newsid=1491137,,,
3894,河南省,周口,http://www.hazhoukou.gov.cn/Article/Index?Id=61120,,,
3895,河南省,周口,http://www.hazhoukou.gov.cn/Article/Index?Id=60500,,,
3896,河南省,周口,http://www.hazhoukou.gov.cn/Article/Index?Id=60877,,,
3903,河南省,周口,http://www.hazhoukou.gov.cn/Article/Index?Id=60835,,,
3907,河南省,周口,http://www.hazhoukou.gov.cn/Article/Index?Id=61237,,,
3911,河南省,周口,http://www.hazhoukou.gov.cn/Article/Index?Id=60958,,,
3912,河南省,周口,http://www.hazhoukou.gov.cn/Article/Index?Id=60724,,,
3913,河南省,新乡,http://www.changyuan.gov.cn/sitesources/cyxrmzf/page_html5/ywdt/zyyw/article913baaad3fff45cdbed3c963e801fd27.html,,,
3917,河南省,新乡,http://www.xxswjw.gov.cn/page163?article_id=17487,,,
3918,河南省,新乡,http://www.xxswjw.gov.cn/page163?article_id=17469,,,
3919,河南省,新乡,http://www.xxswjw.gov.cn/page163?article_id=17417,,,
3920,河南省,新乡,http://www.xxswjw.gov.cn/page163?article_id=17360&pagenum=1,,,
3922,河南省,新乡,http://www.xxswjw.gov.cn/page163?article_id=17360,,,
3923,河南省,新乡,http://www.xxswjw.gov.cn/page163?article_id=17493,,,
3925,河南省,新乡,http://www.xxswjw.gov.cn/page163?article_id=17376&pagenum=1,,,
3926,河南省,新乡,http://www.huixianshi.gov.cn/index.php/portal/info/article/id/2128.html,,,
3928,河南省,新乡,http://www.huixianshi.gov.cn/index.php/portal/info/article/id/2136.html,,,
3934,河南省,新乡,https://mp.weixin.qq.com/s/caT6ipIoPhJFezI0b8Q9vA,,,
3936,河南省,漯河,http://www.lhswjw.gov.cn/viewnews.aspx?id=15391,,,
3937,河南省,漯河,https://news.dahebao.cn/dahe/appcommunity/1491139?newsId=1491139,,,
3939,河南省,漯河,http://www.lhswjw.gov.cn/viewnews.aspx?id=15352,,,
3941,河南省,漯河,http://www.lhswjw.gov.cn/viewnews.aspx?id=15379,,,
3942,河南省,漯河,https://www.dahebao.cn/news/1491139?cid=1491139,,,
3944,河南省,漯河,http://www.lhswjw.gov.cn/viewnews.aspx?id=15387,,,
3952,河南省,漯河,http://www.lhswjw.gov.cn/viewnews.aspx?id=15372,,,
3955,河南省,许昌,http://xcswjw.xuchang.gov.cn/gzdt/20200212/96adfee5-815b-46ab-bab4-60c8a05cf555.html,,,
3956,河南省,许昌,http://xcswjw.xuchang.gov.cn/gzdt/20200205/538ae0ed-a5de-4856-ba88-9ecfb4757f0a.html,,,
3957,河南省,许昌,http://xcswjw.xuchang.gov.cn/gzdt/20200211/19cf0b6e-94e5-4908-a82b-4a38e70f4329.html,,,
3958,河南省,许昌,http://xcswjw.xuchang.gov.cn/gzdt/20200206/df2e864e-b9ce-4b6b-b435-7cb3bb15b9f2.html,,,
3959,河南省,许昌,http://xcswjw.xuchang.gov.cn/gzdt/20200205/4b409111-7e84-408a-bb8e-73d60de3f19e.html,,,
3960,河南省,许昌,http://xcswjw.xuchang.gov.cn/gzdt/20200208/9f5af662-5e14-4e70-a06e-ca559165765d.html,,,
3962,河南省,许昌,http://xcswjw.xuchang.gov.cn/gzdt/20200203/694c2a8e-d9f5-4e82-b665-465e3858a84b.html,,,
3964,河南省,许昌,http://xcswjw.xuchang.gov.cn/gzdt/20200207/d3f4a90a-652f-4181-abde-a4959e81a04a.html,,,
3966,河南省,商丘,http://www.shangqiu.gov.cn/Item/59520.aspx,,,
3967,河南省,商丘,http://www.shangqiu.gov.cn/Item/59521.aspx,,,
3968,河南省,商丘,http://www.shangqiu.gov.cn/Item/59445.aspx,,,
3969,河南省,商丘,http://www.shangqiu.gov.cn/Item/59394.aspx,,,
3970,河南省,商丘,http://www.shangqiu.gov.cn/Item/59395.aspx,,,
3971,河南省,商丘,http://www.shangqiu.gov.cn/Item/59396.aspx,,,
3972,河南省,商丘,http://fda.shangqiu.gov.cn/Item/59104.aspx,,,
3973,河南省,商丘,https://weibo.com/3586599515/IsBDofalu,,,
3974,河南省,商丘,http://www.shangqiu.gov.cn/Item/59269.aspx,,,
3975,河南省,商丘,http://www.shangqiu.gov.cn/Item/59209.aspx,,,
3977,河南省,商丘,http://www.shangqiu.gov.cn/Item/59392.aspx,,,
3978,河南省,商丘,http://www.shangqiu.gov.cn/Item/58921.aspx,,,
3980,河南省,商丘,http://sgxw.shangqiu.gov.cn/Item/59031.aspx,,,
3983,河南省,商丘,http://www.shangqiu.gov.cn/Item/59336.aspx,,,
3984,河南省,商丘,http://snky.shangqiu.gov.cn/Item/59083.aspx,,,
3988,河南省,商丘,http://sgxw.shangqiu.gov.cn/Item/59100.aspx,,,
3989,河南省,商丘,http://www.shangqiu.gov.cn/Item/58773.aspx,,,
3996,河南省,商丘,http://sgxw.shangqiu.gov.cn/Item/58991.aspx,,,
3999,河南省,南阳,http://nyws.nanyang.gov.cn/gzdt/360989.htm,,,
4000,河南省,南阳,https://news.dahebao.cn/dahe/appcommunity/1491144?newsId=1491144,,,
4001,河南省,南阳,http://nyws.nanyang.gov.cn/gzdt/359030.htm,,,
4003,河南省,南阳,http://nyws.nanyang.gov.cn/gzdt/359573.htm,,,
4004,河南省,南阳,http://nyws.nanyang.gov.cn/gzdt/360296.htm,,,
4005,河南省,南阳,http://nyws.nanyang.gov.cn/gzdt/360988.htm,,,
4006,河南省,南阳,http://nyws.nanyang.gov.cn/gzdt/360069.htm,,,
4007,河南省,南阳,http://nyws.nanyang.gov.cn/gzdt/360656.htm,,,
4011,河南省,南阳,http://nyws.nanyang.gov.cn/gzdt/360652.htm,,,
4014,河南省,南阳,http://nyws.nanyang.gov.cn/gzdt/359241.htm,,,
4018,河南省,南阳,http://nyws.nanyang.gov.cn/gzdt/360653.htm,,,
4020,河南省,南阳,http://nyws.nanyang.gov.cn/gzdt/360654.htm,,,
4022,河南省,南阳,http://nyws.nanyang.gov.cn/gzdt/359780.htm,,,
4031,河南省,信阳,http://www.hnxywjw.gov.cn/a/news/tongzhi/2020/0210/4757.html,,,
4032,河南省,信阳,http://www.hnxywjw.gov.cn/a/news/tongzhi/2020/0210/4758.html,,,
4033,河南省,信阳,http://www.hnxywjw.gov.cn/a/news/tongzhi/2020/0210/4759.html,,,
4034,河南省,信阳,http://www.hnxywjw.gov.cn/a/news/tongzhi/2020/0210/4756.html,,,
4035,河南省,信阳,http://www.hnxywjw.gov.cn/a/news/tongzhi/2020/0210/4755.html,,,
4036,河南省,信阳,http://www.hnxywjw.gov.cn/a/news/tongzhi/2020/0208/4723.html,,,
4037,河南省,信阳,http://www.hnxywjw.gov.cn/a/news/tongzhi/2020/0202/4594.html,,,
4038,河南省,信阳,http://www.hnxywjw.gov.cn/a/news/tongzhi/2020/0131/4551.html,,,
4039,河南省,信阳,http://www.hnxywjw.gov.cn/a/news/tongzhi/2020/0130/4546.html,,,
4040,河南省,信阳,http://www.hnxywjw.gov.cn/a/news/tongzhi/2020/0201/4574.html,,,
4043,河南省,信阳,http://www.hnxywjw.gov.cn/a/news/tongzhi/2020/0204/4638.html,,,
4044,河南省,信阳,http://www.hnxywjw.gov.cn/a/news/tongzhi/2020/0206/4702.html,,,
4046,河南省,信阳,http://www.hnxywjw.gov.cn/a/news/tongzhi/2020/0207/4715.html,,,
4050,河南省,信阳,http://www.hnxywjw.gov.cn/a/news/tongzhi/2020/0210/4750.html,,,
4051,河南省,信阳,http://www.hnxywjw.gov.cn/a/news/tongzhi/2020/0210/4748.html,,,
4052,河南省,信阳,http://www.hnxywjw.gov.cn/a/news/tongzhi/2020/0210/4749.html,,,
4053,河南省,信阳,http://www.hnxywjw.gov.cn/a/news/tongzhi/2020/0210/4751.html,,,
4054,河南省,信阳,https://www.dahebao.cn/detail.html?newsid=1491143,,,
4060,河南省,信阳,http://www.hnxywjw.gov.cn/a/news/tongzhi/2020/0210/4745.html,,,
4061,河南省,信阳,http://www.hnxywjw.gov.cn/a/news/tongzhi/2020/0210/4747.html,,,
4062,河南省,信阳,http://www.hnxywjw.gov.cn/a/news/tongzhi/2020/0209/4743.html,,,
4063,河南省,信阳,http://www.hnxywjw.gov.cn/a/news/tongzhi/2020/0209/4744.html,,,
4064,河南省,信阳,http://www.hnxywjw.gov.cn/a/news/tongzhi/2020/0209/4745.html,,,
4065,河南省,信阳,http://www.hnxywjw.gov.cn/a/news/tongzhi/2020/0208/4724.html,,,
4066,河南省,信阳,http://www.hnxywjw.gov.cn/a/news/tongzhi/2020/0208/4725.html,,,
4067,河南省,信阳,http://www.hnxywjw.gov.cn/a/news/tongzhi/2020/0208/4726.html,,,
4072,河南省,信阳,http://www.hnxywjw.gov.cn/a/news/tongzhi/2020/0210/4746.html,,,
4073,河南省,信阳,http://www.hnxywjw.gov.cn/a/news/tongzhi/2020/0208/4719.html,,,
4074,河南省,信阳,http://www.hnxywjw.gov.cn/a/news/tongzhi/2020/0208/4721.html,,,
4075,河南省,信阳,https://news.dahebao.cn/dahe/appcommunity/1491143?newsId=1491143,,,
4080,河南省,信阳,http://www.hnxywjw.gov.cn/a/news/tongzhi/2020/0205/4691.html,,,
4099,河南省,信阳,http://www.hnxywjw.gov.cn/a/news/tongzhi/2020/0210/4752.html,,,
4100,河南省,信阳,http://www.hnxywjw.gov.cn/a/news/tongzhi/2020/0209/4749.html,,,
4126,河南省,信阳,http://www.hnxywjw.gov.cn/a/news/tongzhi/2020/0210/4753.html,,,
4127,河南省,信阳,http://www.hnxywjw.gov.cn/a/news/tongzhi/2020/0210/4754.html,,,
4130,河南省,信阳,http://www.hnxywjw.gov.cn/a/news/tongzhi/2020/0203/4621.html,,,
4147,河南省,信阳,http://www.hnxywjw.gov.cn/a/news/tongzhi/2020/0209/4742.html,,,
4148,河南省,信阳,http://www.hnxywjw.gov.cn/a/news/tongzhi/2020/0209/4739.html,,,
4149,河南省,信阳,http://www.hnxywjw.gov.cn/a/news/tongzhi/2020/0209/4740.html,,,
4150,河南省,信阳,http://www.hnxywjw.gov.cn/a/news/tongzhi/2020/0209/4741.html,,,
4151,河南省,信阳,http://www.hnxywjw.gov.cn/a/news/tongzhi/2020/0208/4720.html,,,
4152,河南省,信阳,http://www.hnxywjw.gov.cn/a/news/tongzhi/2020/0208/4718.html,,,
4153,河南省,信阳,http://www.hnxywjw.gov.cn/a/news/tongzhi/2020/0208/4722.html,,,
4167,河南省,信阳,http://www.hnxywjw.gov.cn/a/news/tongzhi/2020/0209/4746.html,,,
4168,河南省,信阳,http://www.hnxywjw.gov.cn/a/news/tongzhi/2020/0209/4748.html,,,
4169,河南省,信阳,http://www.hnxywjw.gov.cn/a/news/tongzhi/2020/0209/4747.html,,,
4170,河南省,信阳,http://www.hnxywjw.gov.cn/a/news/tongzhi/2020/0208/4727.html,,,
4177,河南省,信阳,http://www.hnxywjw.gov.cn/a/news/tongzhi/2020/0209/4738.html,,,
4178,河南省,信阳,https://www.dahebao.cn/detail.html?newsid=1491132,,,
4200,河南省,郑州,http://wjw.zhengzhou.gov.cn/qwfb/2353760.jhtml,,,
4201,河南省,郑州,https://mp.weixin.qq.com/s/R8WJmEGI7Gu5zVnKa6389w,,,
4202,河南省,郑州,https://mp.weixin.qq.com/s/2eetMzexBe2YuUkqLZatlQ,,,
4203,河南省,郑州,http://wjw.zhengzhou.gov.cn/qwfb/2345654.jhtml,,,
4206,河南省,郑州,http://wjw.zhengzhou.gov.cn/qwfb/2348027.jhtml,,,
4207,河南省,郑州,http://wjw.zhengzhou.gov.cn/qwfb/2346837.jhtml,,,
4208,河南省,郑州,http://wjw.zhengzhou.gov.cn/qwfb/2349896.jhtml,,,
4209,河南省,郑州,http://wjw.zhengzhou.gov.cn/qwfb/2353761.jhtml,,,
4222,河南省,郑州,http://wjw.zhengzhou.gov.cn/qwfb/2351394.jhtml,,,
4275,河南省,郑州,https://news.dahebao.cn/dahe/appcommunity/1492700?newsId=1492700&from=timeline,,,
4289,河南省,濮阳,https://mp.weixin.qq.com/s/oDCSTgHiBEyoB0YfQ8SmMQ,,,
4290,河南省,濮阳,https://news.dahebao.cn/dahe/appcommunity/1491142?newsId=1491142,,,
4293,河南省,濮阳,https://mp.weixin.qq.com/s/jBSywh6GXO9RgSdyOhnqSQ,,,
4294,河南省,濮阳,https://mp.weixin.qq.com/s/Ezmpt3R6_VwWFO7lNO3dCQ,,,
4295,河南省,濮阳,https://mp.weixin.qq.com/s/c39VvLz1_10O12uXxIeGeA,,,
4296,河南省,濮阳,https://mp.weixin.qq.com/s/NGHxBOCqcQyGsbxsDB89qQ,,,
4300,河南省,驻马店,http://www.zmdwsj.gov.cn/pub/info/2020/0208/834.html,,,
4301,河南省,驻马店,http://www.zmdwsj.gov.cn/pub/info/2020/0208/833.html,,,
4306,河南省,驻马店,http://www.zmdwsj.gov.cn/pub/info/2020/0208/830.html,,,
4307,河南省,驻马店,http://www.zmdwsj.gov.cn/pub/info/2020/0208/831.html,,,
4312,河南省,驻马店,http://www.zmdwsj.gov.cn/pub/info/2020/0208/832.html,,,
4346,河南省,济源,http://wjw.jiyuan.gov.cn/tzgg/202002/t20200207_644328.html,,,
4347,河南省,济源,https://news.dahebao.cn/dahe/appcommunity/1491134?newsId=1491134,,,
4350,河南省,济源,http://wjw.jiyuan.gov.cn/tzgg/202002/t20200204_643121.html,,,
4351,河南省,鹤壁,https://news.dahebao.cn/dahe/appcommunity/1493305?newsId=1493305,,,
4353,河南省,鹤壁,https://www.hebi.gov.cn/zghb/436364/436372/3297385/index.html,,,
4354,河南省,鹤壁,https://wsjkw.hebi.gov.cn/wsjsw/1102809/3297506/index.html,,,
4355,河南省,鹤壁,https://www.dahebao.cn/detail.html?newsid=1489865,,,
4356,河南省,鹤壁,https://www.hebi.gov.cn/zghb/436364/436372/3294371/index.html,,,
4357,河南省,鹤壁,https://www.hebi.gov.cn/zghb/436364/436372/3295425/index.html,,,
4359,河南省,鹤壁,https://www.hebi.gov.cn/zghb/436364/436372/3291133/index.html,,,
4361,河南省,三门峡,http://wjw.smx.gov.cn/pageView/details.html?pageNum=1&lmid=502&wzid=570499&rlmid=497,,,
4365,浙江省,嘉兴,https://mp.weixin.qq.com/s/aSLCyjFx1JWRXlLsZb0tKQ,,,
4366,浙江省,嘉兴,https://mp.weixin.qq.com/s/zo9ME5BlFPgHkZgCtOkTDg,,,
4367,浙江省,嘉兴,https://mp.weixin.qq.com/s/poWAPkpwYP8RbMwVaUespA,,,
4368,浙江省,嘉兴,https://mp.weixin.qq.com/s/rM-Jm2n9noz8fOqIPVCgIA,,,
4369,浙江省,嘉兴,https://mp.weixin.qq.com/s/ovWbcGIteMTJkE6ZYS8T7Q,,,
4370,浙江省,嘉兴,https://mp.weixin.qq.com/s/Roq4eLG_3TS0QGboACaFLA,,,
4372,浙江省,嘉兴,https://mp.weixin.qq.com/s/5s-69C6LAL6r8mR-fqWPvQ,,,
4375,浙江省,嘉兴,https://mp.weixin.qq.com/s/cw_pnu30svfpaW8AXDzcmQ,,,
4377,浙江省,嘉兴,https://mp.weixin.qq.com/s/b9AkB2kLlvC7QSQNT3YUwQ,,,
4380,浙江省,嘉兴,https://mp.weixin.qq.com/s/GJxsCbDslaQGjfeLKoHMhg,,,
4381,浙江省,嘉兴,https://mp.weixin.qq.com/s/tAbGNWc8VS5L5I9FJYy5ag,,,
4384,浙江省,绍兴,https://mp.weixin.qq.com/s/wzCW6Tt3jZBP7DRYcFY-Eg,,,
4386,浙江省,丽水,https://h5.newaircloud.com/detailArticle/10425820_32653_hzxw.html?mobile=1&source=1,,,
4390,浙江省,湖州,https://h5.newaircloud.com/detailArticle/10436443_32653_hzxw.html?mobile=1&source=1,,,
4391,浙江省,杭州,https://mp.weixin.qq.com/s/yCNdC6p-YxzHK4g7ed5uOA,,,
4392,浙江省,杭州,https://mp.weixin.qq.com/s/QJvXZMGV8Gv6HVLlNBG-Nw,,,
4393,浙江省,杭州,https://mp.weixin.qq.com/s/bFxyFGfWwTeVpD1hNUhJ4A,,,
4394,浙江省,杭州,https://mp.weixin.qq.com/s?__biz=MzAwNjEyNzAzMw==&mid=2651681178&idx=3&sn=89d8984f2c5418518e074baf42665314&chksm=80ebfd4cb79c745ac75ac96024b52989dc8807e127dddd5b00e126db9e9af5fa9d16962f95fd&mpshare=1&scene=1&srcid=&sharer_sharetime=1581237250858&sharer_sh,,,
4399,浙江省,杭州,https://mp.weixin.qq.com/s/k5JzjTERIPvO-wy90lb6eQ,,,
4400,浙江省,杭州,https://mp.weixin.qq.com/s/yfmfc7B8Y63pbLdYnhlw0A,,,
4406,浙江省,温州,https://mp.weixin.qq.com/s/m4rdouY69mx53tZN_L5iew,,,
4410,浙江省,温州,https://mp.weixin.qq.com/s/pFogjst_iqypKwSAuZjiIg,,,
4413,浙江省,温州,https://mp.weixin.qq.com/s/GWgL9ijmeI0eLWX21E0UgQ,,,
4416,浙江省,温州,https://mp.weixin.qq.com/s/N0YkWOIlG0NMAawciiq0WA,,,
4493,浙江省,温州,https://mp.weixin.qq.com/s/vc6D1Il2US4LXYOKLGxy3w,,,
4511,浙江省,温州,https://mp.weixin.qq.com/s/iHCdMjbXxlQPMQvvkW7tiw,,,
4513,浙江省,温州,https://mp.weixin.qq.com/s/1uoCxMDNZlBzZdyX59IvuA,,,
4514,浙江省,温州,https://mp.weixin.qq.com/s/IwKCrdr0eVZrZ3sXAqlm8A,,,
4559,浙江省,温州,https://mp.weixin.qq.com/s/jSL448-YEHU6Jznufpxy7w,,,
4569,浙江省,宁波,https://mp.weixin.qq.com/s/91_e8l5VPZXnSSpTNAfnAA,,,
4571,浙江省,宁波,https://mp.weixin.qq.com/s/nmoX192em0qUAaMGLiAKiA,,,
4572,浙江省,宁波,https://mp.weixin.qq.com/s/ufGebNl66IH0g5RuEJ5J-g,,,
4576,浙江省,宁波,https://mp.weixin.qq.com/s/hcgtQrgpEmnU-_hs_a4L1Q,,,
4582,浙江省,宁波,https://mp.weixin.qq.com/s/98bsjz2Qk7fPV3iQAyXQnw,,,
4583,浙江省,宁波,https://mp.weixin.qq.com/s/7C-F2wnruUehgvRlnX0S_A,,,
4584,浙江省,宁波,https://mp.weixin.qq.com/s/cdY3fuh99uSQxk9SGcOJkg,,,
4588,浙江省,宁波,https://mp.weixin.qq.com/s/VHAYXCB5TMFb6X5zKfXoPA,,,
4590,浙江省,宁波,https://mp.weixin.qq.com/s/QOu9t2LlAHgTnc4m6D8fjg,,,
4605,浙江省,宁波,https://mp.weixin.qq.com/s/XbF74DlXaD-a_ioZ-i-Vlg,,,
4613,浙江省,宁波,https://mp.weixin.qq.com/s/Kt_w-qoYK_4smj_Il0wzvg,,,
4615,浙江省,宁波,https://mp.weixin.qq.com/s/Xkg45CqpUDkcSXi_Hj0tMg,,,
4623,浙江省,宁波,https://mp.weixin.qq.com/s/KMBK1-8VhD4QqQWwEqU5sw,,,
4628,浙江省,宁波,https://mp.weixin.qq.com/s/zIxTvDdcDUOea3qO7Tfg8w,,,
4632,浙江省,宁波,https://mp.weixin.qq.com/s/CDFll7cTlkSegO-TaAcKyw,,,
4633,浙江省,宁波,https://mp.weixin.qq.com/s/V9XorOYIo3S97xDBsgbX4A,,,
4634,浙江省,宁波,https://mp.weixin.qq.com/s/SIvO2BQUXB_md3Zwt-2X9w,,,
4644,浙江省,宁波,https://mp.weixin.qq.com/s/HF8EtpwFL9xaPtdG0NYuXw,,,
4661,浙江省,宁波,https://mp.weixin.qq.com/s/zgMDVxD4EtVPeh3m-Q7a_w,,,
4667,浙江省,金华,https://mp.weixin.qq.com/s/jRm2ejg6Fk0PdFKDsBC4yg,,,
4698,浙江省,金华,https://lbs.amap.com/console/show/picker,,,
4702,浙江省,金华,https://mp.weixin.qq.com/s/A9yI5C3TZ7MIjKTRlqFk4g,,,
4708,海南省,乐东黎族自治县,http://wst.hainan.gov.cn/yqfk/index/index/qianyi.html,,,
4729,海南省,儋州,https://mp.weixin.qq.com/s/aVozwgjJCHKFhJxjcsvu1Q,,,
4737,海南省,临高县, https://mp.weixin.qq.com/s/aVozwgjJCHKFhJxjcsvu1Q,,,
4744,海南省,文昌,https://mp.weixin.qq.com/s/Dc6hqrFt1WTJEnxM4XHtBw,,,
4768,海南省,三亚,https://mp.weixin.qq.com/s/gISZhpQ7Y-hmVNvoUn1K1g,,,
4769,海南省,三亚,https://mp.weixin.qq.com/s/ZFeDPEwTl11xVXMBjtV_2g,,,
4878,湖北省,孝感,http://www.xiaochang.gov.cn/zzcckyq/747634.jhtml,,,
4892,湖北省,孝感,https://mp.weixin.qq.com/s/4MdrLj79RORpyEYudRTWUg,,,
4908,湖北省,孝感,http://www.hbdawu.gov.cn/content/200211_001.shtml,,,
4928,湖北省,孝感,http://www.hanchuan.gov.cn/news/2020212/n738385685.html,,,
4954,湖北省,孝感,http://www.xiaogan.gov.cn/tpxw/748022.jhtml,,,
4961,湖北省,仙桃,https://mp.weixin.qq.com/s/9gmy4RSD-UZFy_BLBSPYAQ,,,
4981,湖北省,鄂州,http://www.liangzh.gov.cn/ztzl/fkbd/202002/t20200209_324798.html,,,
4984,湖北省,鄂州,http://www.liangzh.gov.cn/ztzl/fkbd/202002/t20200205_324286.html,,,
5007,湖北省,鄂州,https://mp.weixin.qq.com/s/wD6F99Y_nrbHS1XsE_0Lkg,,,
5061,湖北省,鄂州,https://mp.weixin.qq.com/s/82LmfJ1GQXhkFmv4X3oQ7A,,,
5071,湖北省,荆门,http://www.jingshan.gov.cn/art/2020/2/12/art_5587_649469.html,,,
5087,湖北省,荆门,http://wjw.jingmen.gov.cn/art/2020/2/10/art_3379_648768.html,,,
5088,湖北省,荆门,http://www.jiangling.gov.cn/xwdt/dtyw/gzdt/202002/t20200204_453711.shtml,,,
5090,湖北省,荆门,https://m.weibo.cn/2511527114/4470729037066518,,,
5114,湖北省,襄阳,http://wjw.xiangyang.gov.cn/zxzx/ztzl/xxfy/xxfb/202002/t20200210_2026627.shtml,,,
5125,湖北省,随州,http://www.zgsuixian.gov.cn/a/xinwenzhongxin/suixianyaowen/2020/0202/43817.html,,,
5165,湖北省,随州,https://mp.weixin.qq.com/s/7-u7JUuSL9sfH_Za4cs5qw,,,
5388,湖北省,咸宁,http://www.chibi.gov.cn/xxgk/xxgkml/gggs/202002/t20200210_1928110.shtml,,,
5528,湖北省,咸宁,https://mp.weixin.qq.com/s/GL4WCHxIKZJjI5woIvnvqA,,,
5530,湖北省,恩施州,https://mp.weixin.qq.com/s/Als5usxeQ80BU-R5BHp6oQ,,,
5531,湖北省,恩施州,https://mp.weixin.qq.com/s/2CJLozUbUyIU0JrwWg9Zcw,,,
5534,湖北省,恩施州,https://mp.weixin.qq.com/s/4VbH2uwYksOWTFIHhONs0w,,,
5548,湖北省,恩施州,https://mp.weixin.qq.com/s?__biz=MzA4NjAxMDA4NA==&mid=2649377686&idx=1&sn=58b3a35fa916dbfd583f19479c5b52aa&chksm=87d1da1db0a6530b49b7e4c097404d44fd334f91e4a06ef9b7af52a3a4e1a4095d537570ca77&token=23760417&lang=zh_CN#rd,,,
5563,湖北省,恩施州,http://www.xe.gov.cn/2020/0207/948735.shtml,,,
5570,湖北省,恩施州,https://mp.weixin.qq.com/s?__biz=MzA4NjAxMDA4NA==&mid=2649377684&idx=1&sn=f913e5c612b0c8594b8b47e319d6320a&chksm=87d1da1fb0a653098ca6f7575a47aa81a4fbbfb3c4d205a37bf86db573f9e73a223b4c586204&token=23760417&lang=zh_CN#rd,,,
5573,湖北省,恩施州,https://mp.weixin.qq.com/s/yFsIAVwmi3fhajSRfKXHng,,,
5580,湖北省,恩施州,http://www.lichuan.gov.cn/2020/0212/949550.shtml,,,
5595,湖北省,恩施州,http://www.lichuan.gov.cn/2020/0202/946536.shtml,,,
5597,湖北省,恩施州,http://www.lichuan.gov.cn/2020/0203/946747.shtml,,,
5608,湖北省,恩施州,http://www.lichuan.gov.cn/2020/0206/947591.shtml,,,
5609,湖北省,恩施州,http://www.lichuan.gov.cn/2020/0210/948929.shtml,,,
5619,湖北省,恩施州,https://mp.weixin.qq.com/s/ZXga0vE-sDZstWwnIzfsiQ,,,
5631,湖北省,恩施州,http://www.lichuan.gov.cn/2020/0205/947306.shtml,,,
5636,湖北省,恩施州,http://www.lichuan.gov.cn/2020/0207/947921.shtml,,,
5638,湖北省,恩施州,http://www.lichuan.gov.cn/2020/0201/946261.shtml,,,
5644,湖北省,恩施州,http://www.lichuan.gov.cn/2020/0208/948479.shtml,,,
5665,湖北省,恩施州,https://mp.weixin.qq.com/s/md-EvejFSN8HU_O55GtEPg,,,
5668,湖北省,潜江,http://www.hbqj.gov.cn/wjwgsgg/20200207/194392.html,,,
5670,湖北省,潜江,http://www.hbqj.gov.cn/wjwgsgg/20200209/194446.html,,,
5743,湖北省,神农架林区,http://www.snj.gov.cn/xwzx/gsgg/202001/t20200128_2015698.html,,,
5744,湖北省,神农架林区,http://www.snj.gov.cn/xwzx/gsgg/202002/t20200204_2019153.html,,,
5745,湖北省,神农架林区,http://www.snj.gov.cn/xwzx/gsgg/202001/t20200131_2016958.html,,,
5749,湖北省,天门,https://weibo.com/5153378642/ItGemuSrV?from=page_1001065153378642_profile&wvr=6&mod=weibotime&type=comment#_rnd1581390716566,,,
5750,湖北省,天门,https://weibo.com/5153378642/IsLCQtpLS?from=page_1001065153378642_profile&wvr=6&mod=weibotime&type=comment#_rnd1581256549482,,,
5758,湖北省,天门,https://weibo.com/5153378642/ItdrghPSZ?from=page_1001065153378642_profile&wvr=6&mod=weibotime&type=comment#_rnd1581260585324,,,
5760,湖北省,天门,https://weibo.com/5153378642/Itwlh28FG?from=page_1001065153378642_profile&wvr=6&mod=weibotime&type=comment#_rnd1581302491891,,,
5769,湖北省,天门,https://weibo.com/5153378642/It48U8Btb?from=page_1001065153378642_profile&wvr=6&mod=weibotime&type=comment#_rnd1581259777664,,,
5786,湖北省,天门,https://weibo.com/5153378642/IsWn6dPUK?from=page_1001065153378642_profile&wvr=6&mod=weibotime&type=comment#_rnd1581258789194,,,
5787,湖北省,天门,https://weibo.com/hbtmzc?is_ori=1&is_forward=1&is_text=1&is_pic=1&is_video=1&is_music=1&is_article=1&key_word=确诊&start_time=2020-01-01&end_time=2020-02-12&is_search=1&is_searchadv=1#_rnd1581476433181,,,
5804,湖北省,天门,https://m.weibo.cn/5153378642/4469274402050661,,,
5828,湖北省,天门,https://weibo.com/5153378642/ItmZMpL4p?from=page_1001065153378642_profile&wvr=6&mod=weibotime&type=comment#_rnd1581260938549,,,
5878,湖北省,天门,https://m.weibo.cn/5153378642/4467821998680317,,,
5887,湖北省,天门,https://weibo.com/5153378642/IsLCQtpLS?from=page_1001065153378642_profile&wvr=6&mod=weibotime&type=comment#_rnd1581259167934,,,
5891,湖北省,天门,https://weibo.com/5153378642/IsBtHbFK2?from=page_1001065153378642_profile&wvr=6&mod=weibotime&type=comment#_rnd1581260343010,,,
5929,湖北省,天门,https://weibo.com/5153378642/IsWn6dPUK?from=page_1001065153378642_profile&wvr=6&mod=weibotime&type=comment#_rnd1581258707026,,,
5976,湖北省,十堰,https://mp.weixin.qq.com/s/TqcrxfjxxpmRitR84guVbw,,,
5985,湖北省,十堰,https://mp.weixin.qq.com/s/MQdcgsk8y8pPJs72V0OWDA,,,
5987,湖北省,十堰,https://mp.weixin.qq.com/s/yC6OTzMoLoiht5F6vfHySQ,,,
5989,湖北省,十堰,https://mp.weixin.qq.com/s/KUoqSBUNBiqZmq37kngkAg,,,
5998,湖北省,十堰,https://mp.weixin.qq.com/s/pw5QzErWCT0HT39c0wW6iQ,,,
6007,湖北省,十堰,https://mp.weixin.qq.com/s/9fOj_uhrW9tSeCUKmgeO4Q,,,
6009,湖北省,十堰,https://mp.weixin.qq.com/s/HHl5dqnz9uo01Jle2uCz4w,,,
6010,湖北省,十堰,https://mp.weixin.qq.com/s/ZONbV1-fcimBLg0hJcDDdw,,,
6011,湖北省,十堰,https://mp.weixin.qq.com/s/Ioz_mazrVrWS1X11STtkeQ,,,
6013,湖北省,十堰,https://mp.weixin.qq.com/s/3I6sgW4oBED3TYTM5rwj5A,,,
6014,湖北省,十堰,https://mp.weixin.qq.com/s/pi7v6Qv448yH2b5OmoArHw,,,
6015,湖北省,十堰,https://mp.weixin.qq.com/s/NCAvjMUo5j_ejB8xFO60qg,,,
6016,湖北省,十堰,https://mp.weixin.qq.com/s/GgIbnIiIIyaO3qg8EYDzzw,,,
6017,湖北省,十堰,https://mp.weixin.qq.com/s/jbAXzD-52oGkqsRisQm57Q,,,
6018,湖北省,十堰,https://mp.weixin.qq.com/s/fhoECcVZei1anAZIjUbCQw,,,
6019,湖北省,十堰,https://mp.weixin.qq.com/s/WXruzPyzM4JVkpb3Rga7hA,,,
6020,湖北省,十堰,https://mp.weixin.qq.com/s/Z8oHXu4vdKh_7CSKWntbbg,,,
6021,湖北省,十堰,https://mp.weixin.qq.com/s/pkg-2FsBcjjpx4Z3eyQvkg,,,
6023,湖北省,十堰,https://mp.weixin.qq.com/s/AYkOkYVaSQL1NU2c6wbueQ,,,
6025,湖北省,十堰,https://mp.weixin.qq.com/s/sXXdEwRibD9iMP31OW9vdg,,,
6026,湖北省,十堰,https://mp.weixin.qq.com/s/AzK1q_S03wNwizW7JoHQlQ,,,
6027,湖北省,十堰,https://mp.weixin.qq.com/s/mJFUDT32fcsE6qamgYY7SQ,,,
6030,湖北省,十堰,https://mp.weixin.qq.com/s/Iq9rqNtqWzJd51AicGlhUA,,,
6032,湖北省,十堰,https://mp.weixin.qq.com/s/AueBrq4NWhNer7taR_R0ag,,,
6034,湖北省,十堰,https://mp.weixin.qq.com/s/_w7bYuSWAi2dYEOhYThQEw,,,
6039,湖北省,十堰,https://mp.weixin.qq.com/s/-aLYvxIt4E3Mon1vhw21iA,,,
6042,湖北省,十堰,https://mp.weixin.qq.com/s/n27UyKeuDSw65YFm5Ziq4g,,,
6043,湖北省,十堰,https://mp.weixin.qq.com/s/oECZed56YXdOxKLrX3GgVg,,,
6044,湖北省,十堰,https://mp.weixin.qq.com/s/wxIVJcfvZO5cDXym1b_pUA,,,
6052,湖北省,十堰,https://mp.weixin.qq.com/s/lMdaLgJ_CGXLwnwAKt65mw,,,
6053,湖北省,十堰,https://mp.weixin.qq.com/s/T8fAZwgPfd5j264BKrIqfg,,,
6054,湖北省,十堰,https://mp.weixin.qq.com/s/I2Xfyi5htvrkITEtq6Ed8Q,,,
6055,湖北省,十堰,https://mp.weixin.qq.com/s/KcOTPuP0mY__nsB_4IVshQ,,,
6064,湖北省,宜昌,https://mp.weixin.qq.com/s/rvL7luUFiZHtIjXMz4ih4Q,,,
6065,湖北省,宜昌,https://mp.weixin.qq.com/s/-tYyWJ8XhVptpNsHekyO3Q,,,
6086,湖北省,宜昌,https://mp.weixin.qq.com/s/wXIPBYcJ55sjHkBPw_NF_g,,,
6093,湖北省,宜昌,http://wjw.yichang.gov.cn/content-41531-963376-1.html,,,
6106,湖北省,宜昌,https://mp.weixin.qq.com/s/5_NWiiXntu4S1m_eSVnUFg,,,
6164,湖北省,宜昌,https://mp.weixin.qq.com/s/d4f8GreJFvxQPZgj1MhpWA,,,
6212,湖北省,黄石,https://m.weibo.cn/status/4470738239227592?winzoom=1,,,
6234,湖北省,黄石,https://mp.weixin.qq.com/s/87nnrSBMtrpFMWvw4teAyQ,,,
6309,湖北省,黄石,https://mp.weixin.qq.com/s/6SlwL-My3-Gzug438Efvjg,,,
6320,湖北省,黄石,https://mp.weixin.qq.com/s/87Ba20kRtjWwrx7zjS1bOg,,,
6329,湖北省,黄石,https://mp.weixin.qq.com/s/xQB0YQbVajo-q7Nn6qgBaw,,,
6348,湖北省,黄石,https://mp.weixin.qq.com/s/4ZKFfe-f8vqwE6X7-TiVEQ,,,
6362,湖北省,黄石,https://mp.weixin.qq.com/s/ca-a6bVZgHuDUQ1O9XcHRQ,,,
6365,湖北省,黄石,https://mp.weixin.qq.com/s/wD6t7zwNjLqR5vEk6mwzJw,,,
6503,湖北省,黄石,https://mp.weixin.qq.com/s/_BBINPPsns3q6hklHrobUA,,,
6516,湖北省,黄石,https://mp.weixin.qq.com/s/99hRFTwbAuDraZNSkGnypg,,,
6529,湖北省,黄石,https://mp.weixin.qq.com/s/3JZSvcLBsq0nXpEzIAYHGA,,,
6617,湖北省,黄石,https://mp.weixin.qq.com/s/B_bazUZ9hGT4H0jQfFGTIA,,,
6639,湖北省,黄石,https://mp.weixin.qq.com/s/ixA9w4kdjR01JDyjfdEeyw,,,
6651,湖北省,黄石,https://mp.weixin.qq.com/s/JZzb2fMF9V7dQ7b2LuYFsA,,,
6674,湖北省,黄石,https://mp.weixin.qq.com/s/4rIXpeLslestGKX-mN9TEQ,,,
6775,湖北省,荆州,https://mp.weixin.qq.com/s/YwXIz5POeUiKWvTGCUcN9w,,,
6777,湖北省,荆州,http://www.gashw.com/wap/n/nshow.aspx?id=21449,,,
6789,湖北省,荆州,http://www.gashw.com/wap/n/nshow.aspx?id=21448,,,
6849,湖北省,荆州,https://mp.weixin.qq.com/s/3YefX0Y34Y-bzAuhDbdFhw,,,
6851,湖北省,荆州,https://mp.weixin.qq.com/s/RUQqNefK1P_yGCd-oD3ctw,,,
6868,湖北省,荆州,https://mp.weixin.qq.com/s/DoCIFOYOGmnXVsYv6wvs4Q,,,
6876,湖北省,荆州,http://www.jianli.gov.cn/xxgk_30/tzgg/202002/t20200208_454669.shtml,,,
7021,湖北省,荆州,https://card.weibo.com/article/m/show/id/2309404471178017243221?_wb_client_=1,,,
7023,湖北省,荆州,https://card.weibo.com/article/m/show/id/2309404470838689661159?_wb_client_=1,,,
7024,湖北省,荆州,https://card.weibo.com/article/m/show/id/2309404470430047010850?_wb_client_=1,,,
7027,湖北省,荆州,https://weibo.com/ttarticle/p/show?id=2309404470066316967984,,,
7099,湖北省,荆州,http://www.hbsz.gov.cn/information/xxgkml/tzgg/202002/t20200212_455558.html,,,
7100,湖北省,荆州,http://www.hbsz.gov.cn/information/xxgkml/tzgg/202002/t20200210_455201.html,,,
7101,湖北省,荆州,http://www.hbsz.gov.cn/information/xxgkml/tzgg/202002/t20200211_455404.html,,,
7105,湖北省,荆州,http://www.hbsz.gov.cn/information/xxgkml/tzgg/202002/t20200209_454945.html,,,
7162,湖北省,荆州,http://www.jianli.gov.cn/xxgk_30/tzgg/202002/t20200212_455580.shtml,,,
7163,湖北省,荆州,http://www.jianli.gov.cn/xxgk_30/tzgg/202002/t20200211_455354.shtml,,,
7172,湖北省,荆州,http://www.jianli.gov.cn/xxgk_30/tzgg/202002/t20200210_455181.shtml,,,
7325,湖北省,荆州,http://www.jiangling.gov.cn/xwdt/dtyw/gzdt/202002/t20200209_454946.shtml,,,
7332,湖北省,荆州,http://www.jiangling.gov.cn/xwdt/dtyw/gzdt/202002/t20200206_454311.shtml,,,
7334,湖北省,荆州,http://www.jiangling.gov.cn/xwdt/dtyw/gzdt/202002/t20200207_454533.shtml,,,
7336,湖北省,荆州,http://www.jiangling.gov.cn/xwdt/dtyw/gzdt/202002/t20200210_455078.shtml,,,
7345,湖北省,荆州,http://wjw.jingzhou.gov.cn/ztzl/fkxxgz/202002/t20200208_454770.shtml,,,
7528,湖北省,荆州,解放路街道嘉富丽苑,,,
7579,湖北省,黄冈,https://mp.weixin.qq.com/s/vXp8DzeGgDpjVk-0DBY2SQ,,,
7583,湖北省,黄冈,https://mp.weixin.qq.com/s/Om4YRSkCNwc7snxghMIVHg,,,
7667,湖北省,黄冈,https://mp.weixin.qq.com/s/ov4K1iQ0TznHokkvVD_LEQ,,,
7719,湖北省,黄冈,https://mp.weixin.qq.com/s/JujBl1jD11YqkW4oyR8I1Q,,,
7722,湖北省,黄冈,https://mp.weixin.qq.com/s/Qxy852JHdO4yxWpvy1hZLA,,,
7730,湖北省,黄冈,https://mp.weixin.qq.com/s/LAscH-b9KZ98wg5H6uFExw,,,
7800,湖北省,黄冈,https://mp.weixin.qq.com/s/M6uQMnE3HTLysTd8asMFug,,,
7833,湖北省,黄冈,https://mp.weixin.qq.com/s/txWNIsEs4tBQ5UP9JWeJUw,,,
7841,湖北省,黄冈,https://mp.weixin.qq.com/s/gxK37Op803sk-rs0M-rSJQ,,,
7844,湖北省,黄冈,https://mp.weixin.qq.com/s/AOGIVAfMNC2qsSaz0TvPqQ,,,
7845,湖北省,黄冈,https://mp.weixin.qq.com/s/ObvjIgPMKKL5iAoTtm-U7Q,,,
7870,湖北省,黄冈,https://mp.weixin.qq.com/s/rAN8qAEMRdlTjx-NNZHhbw,,,
7925,湖北省,黄冈,https://mp.weixin.qq.com/s/YesI5I46eg2_CLXuS5ocWg,,,
7970,湖北省,黄冈,https://mp.weixin.qq.com/s/3dlsxWhMEWJjQf_jlYzZgQ,,,
8007,湖北省,黄冈,https://mp.weixin.qq.com/s/ebSYvAXoI8K6xQFErgyq4g,,,
8020,湖北省,黄冈,https://mp.weixin.qq.com/s/NUSIHrZuvVUbjZBY7c2nig,,,
8034,湖北省,黄冈,https://mp.weixin.qq.com/s/9vI40yS4VILYLW8EB-u8tA,,,
8123,湖北省,武汉,http://wjw.changde.gov.cn/zhdt/wjdt/content_718989,,,
8124,湖南省,长沙,https://mp.weixin.qq.com/s?__biz=MjM5MTY2NjcwMA==&mid=2650726466&idx=1&sn=048d19c105973e531ce66266091c3618&chksm=beb8472189cfce3742edb5b0ba60f7cbac0c822a40ed3ebd422787b8c04ea896fc2b07c63c7a&mpshare=1&scene=1&srcid=020768CT7FoMz8Yh38DyJIXW&sharer_sharetime,,,
8131,湖南省,长沙,https://mp.weixin.qq.com/s/qehZdM2qprm3gOSq-KYG7A,,,
8132,湖南省,长沙,http://wsjkw.changsha.gov.cn/ztzl_1/fkxxgzbd/xxfb/202002/t20200211_6434867.html,,,
8144,湖南省,长沙,https://mp.weixin.qq.com/s/-yvTptgcsDQUoleNuZEHJQ,,,
8154,湖南省,长沙,http://wsjkw.changsha.gov.cn/ztzl_1/fkxxgzbd/xxfb/202002/t20200209_6427372.html,,,
8155,湖南省,长沙,http://wsjkw.changsha.gov.cn/ztzl_1/fkxxgzbd/xxfb/202002/t20200210_6431382.html,,,
8156,湖南省,长沙,https://mp.weixin.qq.com/s/NeZlbAdl_USSOCFeNpeOaw,,,
8252,湖南省,长沙,http://wjw.changde.gov.cn/zhdt/wjdt/content_718705,,,
8253,湖南省,长沙,https://mp.weixin.qq.com/s/aWdgXceUJ5NW2e1wUH5l3Q,,,
8267,湖南省,邵阳,https://wjw.shaoyang.gov.cn/wjw/zyxw/202002/f4c98611a550417188212f542702de8a.shtml,,,
8268,湖南省,邵阳,https://wjw.shaoyang.gov.cn/wjw/zyxw/202002/b4cee4e365b946f3856a2ed695ec0db5.shtml,,,
8293,湖南省,邵阳,https://wjw.shaoyang.gov.cn/wjw/zyxw/202002/589fbf7495584472902bcb2703222a30.shtml,,,
8304,湖南省,邵阳,https://wjw.shaoyang.gov.cn/wjw/zyxw/202002/6e1c8b82b8014904b602382099adba57.shtml,,,
8314,湖南省,邵阳,https://wjw.shaoyang.gov.cn/wjw/zyxw/202002/4fd1fbdc6ad547e598a0cee96c0896eb.shtml,,,
8343,湖南省,张家界,https://mp.weixin.qq.com/s/0Pyfpi-P9bkq5jyLPrZg_w,,,
8350,湖南省,张家界,https://mp.weixin.qq.com/s/Nosj8rEz2voGmLCTRXZ1Fw,,,
8421,湖南省,怀化,https://mp.weixin.qq.com/s?__biz=MjM5MTY2NjcwMA==&mid=2650726424&idx=3&sn=2c6b56fa1cb99b38ac3b996e603a7205&chksm=beb8477b89cfce6d7381a6310a48865e07a4b1368a4a33503a430019a7ecabc9928b86292f01&mpshare=1&scene=1&srcid=&sharer_sharetime=1580999780087&sharer_sh,,,
8426,湖南省,郴州,https://mp.weixin.qq.com/s/-RUH-Mmv95S2h4NwgSoiiA,,,
8430,湖南省,郴州,https://mp.weixin.qq.com/s/sLLTeFNo2vSs0JPDYqPwmA,,,
8434,湖南省,郴州,https://mp.weixin.qq.com/s/w8xxnpKJk61gqcpF_oaKiA,,,
8442,湖南省,永州,https://mp.weixin.qq.com/s/zeaxgnUdUlYTbv6Qz8h2fA,,,
8443,湖南省,永州,https://mp.weixin.qq.com/s/0sWyyH61NiBWLMlc7PQZbg,,,
8448,湖南省,永州,https://mp.weixin.qq.com/s/eqUubDwYr7_dnSLMKRc1og,,,
8452,湖南省,岳阳,https://card.weibo.com/article/m/show/id/2309404471176138195154?_wb_client_=1,,,
8453,湖南省,岳阳,https://mp.weixin.qq.com/s/NM1rZ8toKYML6lFyp75rvw,,,
8461,湖南省,岳阳,https://mp.weixin.qq.com/s/mzIioQyWlUN9-kB46MO2sA,,,
8506,湖南省,岳阳,https://mp.weixin.qq.com/s?__biz=MjM5MTY2NjcwMA==&mid=2650726445&idx=4&sn=99a659794f0b902f7fa714a8e768eda3&chksm=beb8474e89cfce5816ed8ee9728216e40863957c339f562bedf80f21d2cc65962cf09e9a1f0d&mpshare=1&scene=1&srcid=&sharer_sharetime=1581052627542&sharer_sh,,,
8561,湖南省,衡阳,https://mp.weixin.qq.com/s/_zRwrqWoh39WOBQ7n_et1w,,,
8619,湖南省,娄底,https://mp.weixin.qq.com/s/tawHtjkKQre5EF7laHozoA,,,
8620,湖南省,娄底,https://mp.weixin.qq.com/s/hkzzpOdCBWrbqEEpQXbCMw,,,
8623,湖南省,娄底,https://mp.weixin.qq.com/s/Xnl7DF9tlp55_DzM0dCA_A,,,
8626,湖南省,娄底,https://mp.weixin.qq.com/s/jgzflGmCbZedrDsh0nmHhg,,,
8675,湖南省,益阳,https://mp.weixin.qq.com/s/bK9Xx8RJTQr9TqPsnIFKoQ,,,
8676,湖南省,益阳,https://mp.weixin.qq.com/s/jBRtvUj2_NKsyI7Ex3-0Sg,,,
8689,湖南省,益阳,https://mp.weixin.qq.com/s/t0zwhwSoOgmKMaXbvzItsQ,,,
8696,湖南省,益阳,https://mp.weixin.qq.com/s/YKevmbplIxramSkx11tAGg,,,
8701,湖南省,益阳,https://mp.weixin.qq.com/s/yce-hNdQd6CK29tiLvUQEg,,,
8710,湖南省,益阳,https://mp.weixin.qq.com/s/oVoX4qfky_lD-vl83NYf2Q,,,
8748,湖南省,常德,https://mp.weixin.qq.com/s/7QdFMJ-Z0ygdp-UxhasNdA,,,
8752,湖南省,常德,http://wjw.changde.gov.cn/zhdt/wjdt/content_719607,,,
8753,湖南省,常德,http://wjw.changde.gov.cn/zhdt/wjdt/content_719341,,,
8779,湖南省,常德,http://wjw.changde.gov.cn/zhdt/wjdt/content_719817,,,
8817,湖南省,湘潭,https://mp.weixin.qq.com/s/DEe1uMaOxmu05CZKR3TAbA,,,
8819,湖南省,湘潭,https://mp.weixin.qq.com/s/6kR__09WB8BSGdGI8ZqMNw,,,
8824,湖南省,湘潭,http://wsjkw.xiangtan.gov.cn/5220/5226/5235/content_816554.html,,,
8827,湖南省,湘潭,https://mp.weixin.qq.com/s/ydbX4KBhy1Iwt2_M_0ANZw,,,
8838,湖南省,湘潭,https://weibo.com/2288691440/IsDKqrSPR?sudaref=www.baidu.com&display=0&retcode=6102&type=comment#_rnd1581267634206,,,
8850,湖南省,株洲,http://wjw.zhuzhou.gov.cn//c18748/20200212/i1443550.html,,,
8851,湖南省,株洲,https://mp.weixin.qq.com/s/mT7mc2wR_P3wpBE86aZZ3Q,,,
8852,湖南省,株洲,http://wjw.zhuzhou.gov.cn//c18748/20200209/i1433707.html,,,
8870,湖南省,株洲,http://wjw.zhuzhou.gov.cn//c18748/20200210/i1434189.html,,,
8881,湖南省,株洲,http://wjw.zhuzhou.gov.cn//c18748/20200208/i1433430.html,,,
8883,湖南省,株洲,http://wjw.zhuzhou.gov.cn//c16689/20200201/i1429367.html,,,
8900,湖南省,株洲,http://m.xxcb.cn/event/changsha/2020-02-01/9120744.html,,,
8910,甘肃省,兰州,https://mp.weixin.qq.com/s/5XymfTrDSeLYRnE4ELNvtQ,,,
8913,甘肃省,兰州,https://mp.weixin.qq.com/s/ffl01w2v7mjJSJuMWKrk_A,,,
8917,甘肃省,甘南州,https://mp.weixin.qq.com/s/rhnMjVwotZspWqJx3bhr2w,,,
8922,甘肃省,平凉,https://mp.weixin.qq.com/s/2yfMAhSULAMHLvD6f__V3A,,,
8923,甘肃省,平凉,https://mp.weixin.qq.com/s/rpsvtbcpOT1Qln34EUsMlg,,,
8930,甘肃省,平凉,https://mp.weixin.qq.com/s/gbB4eXxN2o0qzGR_XiJUDg,,,
8932,甘肃省,天水,https://mp.weixin.qq.com/s/V9Z0__qohABfoY3sgAoefg,,,
8938,甘肃省,天水,https://mp.weixin.qq.com/s/4t4rzPDSAosHrQLWcHrjQA,,,
8945,甘肃省,天水,https://mp.weixin.qq.com/s/779aA0RshWV9BSQRfhz0Lw,,,
8947,甘肃省,天水,https://mp.weixin.qq.com/s/fhqvnOGxTC3rqgSRz0lVJw,,,
8949,甘肃省,白银,https://mp.weixin.qq.com/s/HWWj_C94yKv9iw2uqNlQQw,,,
8954,甘肃省,白银,https://mp.weixin.qq.com/s/ujm9Ds-fS0tKvSZMXesumQ,,,
8956,甘肃省,庆阳,https://mp.weixin.qq.com/s/vMEOt2yVAX5NcmB5LUhkUg,,,
8961,甘肃省,庆阳,https://mp.weixin.qq.com/s/6bTeDE9KwCdY22l6QEYJ7Q,,,
8968,福建省,南平,http://www.songxi.gov.cn/cms/html/xzfwz/2020-02-11/723236948.html,,,
8972,福建省,南平,http://wjw.np.gov.cn/cms/html/npswshjhsywyh/2020-02-11/2025674694.html,,,
8975,福建省,南平,https://mp.weixin.qq.com/s/MIpI_Su-vrAfmJrsL2EW0g,,,
8981,福建省,宁德,http://wjw.ningde.gov.cn/xwdt/gzdt/202002/t20200211_1275289.htm,,,
8982,福建省,宁德,https://mp.weixin.qq.com/s/ioRsAwzEBKleBW_lzrOH6w,,,
8986,福建省,宁德,https://mp.weixin.qq.com/s/7-sOzrn9nuhtywLMtnlTUg,,,
8989,福建省,宁德,https://mp.weixin.qq.com/s/HwRgxACoC_lTyXFQUF0vHw,,,
9004,福建省,三明,https://mp.weixin.qq.com/s/pQD7vDMz2rHhwvlIpXi4QQ,,,
9012,福建省,三明,http://wjw.sm.gov.cn/xxgk/wjyw/sjdt/202002/t20200211_1473071.htm,,,
9024,福建省,泉州,http://health.quanzhou.gov.cn/xwzx/xydt/202002/t20200209_2028224.htm,,,
9040,福建省,泉州,https://mp.weixin.qq.com/s/-MRb5UcJnChWgu-8MUGRSg,,,
9063,福建省,泉州,https://mp.weixin.qq.com/s/-QGAOsRPEBjCjSH2MAYsKg,,,
9067,福建省,泉州,https://mp.weixin.qq.com/s/UB-k6tTT9WSSUvzC5k0Hcg,,,
9079,福建省,泉州,https://mp.weixin.qq.com/s/y3TolQ0YVp_II8rW5VLdig,,,
9086,福建省,龙岩,http://wjw.longyan.gov.cn/zwgk/gzdt/202002/t20200211_1643574.htm,,,
9088,福建省,漳州,http://wjw.zhangzhou.gov.cn/cms/html/zzswshjhsywyh/2020-02-12/1692922450.html,,,
9089,福建省,漳州,http://wjw.zhangzhou.gov.cn/cms/html/zzswshjhsywyh/2020-02-11/732008603.html,,,
9103,福建省,福州,http://www.fuzhou.gov.cn/zgfzzt/swjw/fzwj/wjgg/202002/t20200211_3197232.htm,,,
9113,福建省,福州,https://mp.weixin.qq.com/s/iDWXUYfXgcLSPEiIfgCXIA,,,
9138,福建省,福州,http://www.gl.gov.cn/xjwz/gstg/gstg_szb/202002/t20200212_3197885.htm,,,
9143,福建省,莆田,http://wjw.putian.gov.cn/zwgk/mtbd/202002/t20200205_1444155.htm,,,
9161,福建省,莆田,http://wjw.putian.gov.cn/zwgk/qwbd/202002/t20200204_1444123.htm,,,
9172,福建省,莆田,http://www.putian.gov.cn/zwgk/ptdt/ptyw/202002/t20200205_1444183.htm,,,
9186,福建省,厦门,https://mp.weixin.qq.com/s/JJ-RrlxqxeUfyV8umzK1Nw,,,
9187,福建省,厦门,http://hfpc.xm.gov.cn/xwzx/tzgg/202002/t20200204_2419773.htm,,,
9188,福建省,厦门,http://hfpc.xm.gov.cn/xwzx/tzgg/202002/t20200210_2420623.htm,,,
9189,福建省,厦门,https://mp.weixin.qq.com/s/7CFYwwGgub74nf-B1S_A5g,,,
9190,福建省,厦门,http://hfpc.xm.gov.cn/xwzx/tzgg/202002/t20200211_2420998.htm,,,
9205,福建省,厦门,http://hfpc.xm.gov.cn/xwzx/tzgg/202002/t20200203_2419523.htm,,,
9208,福建省,厦门,http://hfpc.xm.gov.cn/xwzx/tzgg/202002/t20200207_2420350.htm,,,
9210,贵州省,黔西南州,http://www.gzhfpc.gov.cn/ztzl_500663/xxgzbdgrdfyyqfk/yqdt/202002/t20200208_47776446.html,,,
9211,贵州省,黔西南州,https://mp.weixin.qq.com/s/HaPceoGXl2XnSTFTKWMvZA,,,
9212,贵州省,黔东南州,https://mp.weixin.qq.com/s/LiaHguhJbY3lcCW1iFM7Vw,,,
9213,贵州省,黔东南州,http://www.gzhfpc.gov.cn/ztzl_500663/xxgzbdgrdfyyqfk/yqdt/202002/t20200209_47967133.html,,,
9214,贵州省,黔东南州,http://www.gzhfpc.gov.cn/ztzl_500663/xxgzbdgrdfyyqfk/yqdt/202002/t20200209_48033756.html,,,
9215,贵州省,黔东南州,http://www.gzhfpc.gov.cn/ztzl_500663/xxgzbdgrdfyyqfk/yqdt/202002/t20200210_48158684.html,,,
9217,贵州省,黔南州,http://www.gzhfpc.gov.cn/ztzl_500663/xxgzbdgrdfyyqfk/yqdt/202002/t20200211_48421135.html,,,
9218,贵州省,黔南州,https://mp.weixin.qq.com/s/qvDOdEBXLz_lvM8yDgqZlA,,,
9219,贵州省,黔南州,http://wsjkj.qiannan.gov.cn/xwzx_112/tzgg/202002/t20200205_47221462.html,,,
9223,贵州省,黔南州,http://www.gzhfpc.gov.cn/ztzl_500663/xxgzbdgrdfyyqfk/yqdt/202002/t20200211_48345381.html,,,
9224,贵州省,黔南州,https://mp.weixin.qq.com/s/QlhN4sSPNT-jK4P-Iy844A,,,
9227,贵州省,铜仁,https://mp.weixin.qq.com/s/4BwCADo0fnLSzmrrokR1Wg,,,
9233,贵州省,毕节,https://mp.weixin.qq.com/s/tqhxt5RZhGloGturQtHafQ,,,
9235,贵州省,毕节,https://mp.weixin.qq.com/s/3m7HwyqFI3DvyxNTGc0S3w,,,
9241,贵州省,毕节,https://mp.weixin.qq.com/s/UZ954zHbX12p8X-euu1P5w,,,
9243,贵州省,六盘水,http://www.gzhfpc.gov.cn/xwzx_500663/tzgg/202002/t20200205_47278011.html,,,
9246,贵州省,遵义,https://mp.weixin.qq.com/s/iOwGgTZNYA2gc4bRullqfg,,,
9261,贵州省,贵阳,https://mp.weixin.qq.com/s?__biz=MzA3NDIwODEwMA==&mid=2878778518&idx=3&sn=0459c9c9a8669ed7e0e07e0f5e7734e2&chksm=b1614a9d8616c38bfba4f8c7caef9b7a48db89a19e9db22e7d0490ae97e8c35abcbc2d576cb5&mpshare=1&scene=1&srcid=&sharer_sharetime=1581566766985&sharer_sh,,,
9265,贵州省,贵阳,http://www.gzhfpc.gov.cn/xwzx_500663/zwyw/202002/t20200204_47017878.html,,,
9271,辽宁省,大连,http://hcod.dl.gov.cn/web/guest/18?articleId=797FC139-EEF8-2014-DF35-3491C11B51A0,,,
9273,辽宁省,大连,http://hcod.dl.gov.cn/web/guest/18?articleId=12BFA7EB-9B27-C7E3-0A07-6126124AB0A1,,,
9274,辽宁省,鞍山,https://mp.weixin.qq.com/s/zOGzJVviegMaLRE8tuiLRw,,,
9275,辽宁省,鞍山,https://mp.weixin.qq.com/s/qVISBA_4lvTsHbKqxLexGw,,,
9277,辽宁省,鞍山,https://mp.weixin.qq.com/s/EPJhVdVsbeO8fIMRXMq0Sw,,,
9279,辽宁省,辽阳,https://mp.weixin.qq.com/s/_eBqIgEvm9TS3ynKsNn5Jw,,,
9284,辽宁省,辽阳,https://mp.weixin.qq.com/s/Rbni3MycgbIuiz5YgD2DCg,,,
9285,辽宁省,朝阳,https://mp.weixin.qq.com/s/Chmcgkbs2YroidS7ykEMTQ,,,
9286,辽宁省,朝阳,https://mp.weixin.qq.com/s/0zzx4G3oUPQmzNk6JTTUzQ,,,
9288,辽宁省,朝阳,https://mp.weixin.qq.com/s/EhXgmHb5KH0PSErkFHQqHg,,,
9295,辽宁省,铁岭,https://mp.weixin.qq.com/s/bv4h1_RXQXYBuDKxQbKCrA,,,
9296,辽宁省,铁岭,https://mp.weixin.qq.com/s/UD8VFba4oRx4LLJm3cX7zw,,,
9302,辽宁省,铁岭,https://weibo.com/1058106635/ItxVtlXdA,,,
9305,辽宁省,铁岭,https://mp.weixin.qq.com/s/c2HIvi5NyNIpqVJNYgwBAw,,,
9312,辽宁省,丹东,https://mp.weixin.qq.com/s/-e5s6ClTnQoMsTiBQkVWdQ,,,
9320,辽宁省,丹东,https://mp.weixin.qq.com/s/dBhUAkVePCtSuUZXokuZ_w,,,
9331,辽宁省,阜新,https://weibo.com/2093606665/ItFGfnOR8,,,
9373,辽宁省,沈阳,https://weibo.com/2760402625/Itp4ApREW,,,
9375,辽宁省,沈阳,https://mp.weixin.qq.com/s/XLC_oAGCkfZ-9QZiN7dyFw,,,
9387,辽宁省,沈阳,https://weibo.com/2760402625/It67u97Yn,,,
9389,辽宁省,沈阳,http://www.shenyang.gov.cn/html/SY/15800317646244/158000601629531/null/1764624479921883.html,,,
9397,辽宁省,本溪,https://mp.weixin.qq.com/s/RTYRqzzqx-xXuAe3L6VG7w,,,
9399,重庆市,重庆,https://mp.weixin.qq.com/s/rmFI9I_m8opqo7qDn-3PBg,,,
9462,重庆市,重庆,https://mp.weixin.qq.com/s/idTXK1z3N4FapKjbh-j6fA,,,
9472,重庆市,重庆,https://mp.weixin.qq.com/s/FoesVFRAhegVAYfWzQyvXQ,,,
9504,重庆市,重庆,https://mp.weixin.qq.com/s/TgegU79cKAwmtBloSettoA,,,
9524,重庆市,重庆,https://mp.weixin.qq.com/s/nTb-cBvJ2J6drp3vnxQFXQ,,,
9532,重庆市,重庆,https://mp.weixin.qq.com/s/sXboeLIYjGBGc70KB75p3w,,,
9566,重庆市,重庆,http://xxgk.liangjiang.gov.cn/ljxqgzxxw_content/2020-02/07/content_610594.htm,,,
9567,重庆市,重庆,http://xxgk.liangjiang.gov.cn/ljxqgzxxw_content/2020-02/07/content_610602.htm,,,
9568,重庆市,重庆,https://mp.weixin.qq.com/s/IcMuJBrJFLK75D4Y2drblA,,,
9597,重庆市,重庆,https://mp.weixin.qq.com/s/BGwkOJ95j8zqDcVZop6MdQ,,,
9615,重庆市,重庆,https://mp.weixin.qq.com/s/KTztGwOI4GH5Hbz8XsPhnw,,,
9647,重庆市,重庆,https://mp.weixin.qq.com/s/iCPJi_2KQOQWR8sKkJIdBA,,,
9655,重庆市,重庆,https://mp.weixin.qq.com/s/BoT22TX0iv7a9mJpOJ_8-A,,,
9754,重庆市,重庆,https://mp.weixin.qq.com/s/S7a-QsX3-pOWu3pF78zjAQ,,,
9802,重庆市,重庆,https://mp.weixin.qq.com/s/UMAWNNdtvm3I-VTtaryP6w,,,
9833,重庆市,重庆,https://mp.weixin.qq.com/s/yr83eoRcIU-tQWK13A4NIQ,,,
9862,陕西省,渭南,https://mp.weixin.qq.com/s/EiKDu4VTdr4k8o2Uq5Fvcw,,,
9875,陕西省,渭南,https://mp.weixin.qq.com/s/F2RiiyzIE87ilYzlAZ0OOw,,,
9878,陕西省,咸阳,https://mp.weixin.qq.com/s/15bQoiHzj8ABrnySvnEtQA,,,
9883,陕西省,宝鸡,https://mp.weixin.qq.com/s/AuuQN67_9XRnT3v-YQ-6Kg,,,
9885,陕西省,西安,https://mp.weixin.qq.com/s/g89sB9SZS0FSyD1B-bnwag,,,
9887,陕西省,西安,https://mp.weixin.qq.com/s/yB_kxKjAEYVn9MR8PyRCZg,,,
9888,陕西省,西安,https://mp.weixin.qq.com/s/39apxV_xQLEu0MJ5ToE__g,,,
9890,陕西省,西安,https://mp.weixin.qq.com/s/o_6T8CRb-H8atdYNSkZTRg,,,
9894,陕西省,西安,https://mp.weixin.qq.com/s/3-rTopQTdFCFDbBXIKbK0w,,,
9896,陕西省,西安,https://m.weibo.cn/3757167087/4469821893163355,,,
9900,陕西省,西安,http://sn.ifeng.com/a/20200209/8181674_0.shtml,,,
9901,陕西省,西安,https://m.weibo.cn/2162541102/4469831778965414,,,
9903,陕西省,西安,http://sxwjw.shaanxi.gov.cn/art/2020/2/3/art_9_67666.html,,,
9905,陕西省,西安,https://mp.weixin.qq.com/s/21pwvOkvunpCGf0F8UGsKQ,,,
9910,青海省,西宁,https://mp.weixin.qq.com/s/URJDtNlB8jOnsmdH17VjXA,,,
9911,青海省,西宁,https://mp.weixin.qq.com/s/tnX6pWa1ag-aA4zvjQh2Qg,,,
9919,黑龙江省,齐齐哈尔,https://m.weibo.cn/2375104471/4468572786783849,,,
9924,黑龙江省,齐齐哈尔,https://m.weibo.cn/3950759014/4470714969436000,,,
9925,黑龙江省,齐齐哈尔,https://m.weibo.cn/3950759014/4471102309098064,,,
9928,黑龙江省,齐齐哈尔,https://m.weibo.cn/3950759014/4470360261214454,,,
9931,黑龙江省,齐齐哈尔,https://mp.weixin.qq.com/s/oMM7kY6sk29kXYE_NyqfWQ,,,
9950,黑龙江省,佳木斯,https://mp.weixin.qq.com/s/fkI-uTDoTQWu15jilFtYKQ,,,
9960,黑龙江省,佳木斯,https://m.weibo.cn/3950759014/4470839476592019,,,
9968,黑龙江省,黑河,https://m.weibo.cn/3950759014/4471045853174006,,,
9971,黑龙江省,黑河,https://m.weibo.cn/status/4471045853174006?,,,
9972,黑龙江省,黑河,https://m.weibo.cn/3950759014/4470317391165095,,,
9982,黑龙江省,七台河,https://mp.weixin.qq.com/s/J6VUr0aJBayu2zEZBjyINw,,,
9983,黑龙江省,七台河,https://mp.weixin.qq.com/s/vLLFWKXKGM3mzuS2RyXTig,,,
9989,黑龙江省,七台河,https://mp.weixin.qq.com/s/UcuvS_99UiPP3NIW4qSe6w,,,
9996,黑龙江省,鹤岗,https://mp.weixin.qq.com/s/SymB2XfktCGwnHD6ptkHIA,,,
10006,黑龙江省,鹤岗,https://mp.weixin.qq.com/s/qp896YSiMMH934gm09LaQA,,,
10015,黑龙江省,双鸭山,https://mp.weixin.qq.com/s/pf-ISKMDqKwnItqQfVV5FQ,,,
10021,黑龙江省,双鸭山,https://mp.weixin.qq.com/s/2dTwomrclr3WE0QbXwsk0Q,,,
10033,黑龙江省,双鸭山,https://mp.weixin.qq.com/s/1J8vS652bJHxAGGzz4kWDw,,,
10039,黑龙江省,绥化,https://mp.weixin.qq.com/s/ZW-5Gu2o099PWgBAOQw8fw,,,
10041,黑龙江省,绥化,https://mp.weixin.qq.com/s/RgetAznuG2As04bhnktweg,,,
10046,黑龙江省,绥化,https://mp.weixin.qq.com/s/LjQVUGx-OotPnHl1T73MAg,,,
10047,黑龙江省,绥化,https://mp.weixin.qq.com/s/DP0EHaeVT_LHRjOmkkkMTQ,,,
10060,黑龙江省,绥化,https://mp.weixin.qq.com/s/NgVs3WaxLn4gErwEjJWSMw,,,
10070,黑龙江省,绥化,https://mp.weixin.qq.com/s/YAtZj0ysQ-9j1B7xDEuxHw,,,
10071,黑龙江省,绥化,https://mp.weixin.qq.com/s/n1DaDYlP_CoejJ1aKtAyrw,,,
10079,黑龙江省,大庆,http://www.daqing.gov.cn/zfgz/zfgg/652994.shtml,,,
10084,黑龙江省,大庆,https://mp.weixin.qq.com/s/YBuOCG1HSxZJL5C7FQyUSA,,,
10086,黑龙江省,大庆,https://mp.weixin.qq.com/s/I--PiLTp1lEbENdBwRNUmg,,,
10094,黑龙江省,牡丹江,https://mp.weixin.qq.com/s/0HvK1Md1pz1rK3Y3dbusAQ,,,
10097,黑龙江省,牡丹江,http://www.harbin.gov.cn/art/2020/2/7/art_98_871916.html,,,
10098,黑龙江省,牡丹江,https://mp.weixin.qq.com/s/kvukn1Vtsu3pGCA53FV1Pg,,,
10099,黑龙江省,哈尔滨,https://mp.weixin.qq.com/s/OCGK6QM0MbuIh_S_O5VzVw,,,
10107,黑龙江省,哈尔滨,https://mp.weixin.qq.com/s/t6UkMfKr7YFsrbjFtT2p4g,,,
10112,黑龙江省,哈尔滨,https://mp.weixin.qq.com/s/yRppXSi-nt_QtNAs6DzFZA,,,
10113,黑龙江省,哈尔滨,https://mp.weixin.qq.com/s/dcPwb6Md2Filnkv8lRG-8g,,,
10116,黑龙江省,哈尔滨,https://mp.weixin.qq.com/s/ICG5Psck6c3tEC_ZrA9UnA,,,
10118,黑龙江省,哈尔滨,https://mp.weixin.qq.com/s/PJvSpoxMRm1RngJRI8k4Tw,,,
10122,黑龙江省,哈尔滨,http://www.harbin.gov.cn/art/2020/2/7/art_98_871893.html,,,
10123,黑龙江省,哈尔滨,http://wap.harbin.gov.cn/art/2020/2/4/art_11166_870829.html,,,
10258,黑龙江省,鸡西,https://mp.weixin.qq.com/s/996DlL8JaH0eezqYYEj6gg,,,
10259,黑龙江省,鸡西,https://mp.weixin.qq.com/s/teeRR0xEwzO1U_g9QCoPqA,,,
10262,黑龙江省,鸡西,https://mp.weixin.qq.com/s/fYV6cpKZqiECbyTCfJkUcA,,,
10267,黑龙江省,鸡西,https://mp.weixin.qq.com/s/eBbd83qmh_qLQBymeUrrgQ,,,
10268,黑龙江省,鸡西,https://mp.weixin.qq.com/s/YeBDsmjoGGUk4x8GcknE_Q,,,
10271,黑龙江省,鸡西,https://mp.weixin.qq.com/s/CTb77I1nKf9Ghs64CT4H0Q,,,
10272,黑龙江省,鸡西,https://mp.weixin.qq.com/s/uvsEjwidOD52mtyGN28jnA,,,
10273,黑龙江省,鸡西,https://mp.weixin.qq.com/s/7nEm32qCYav7OHSM5TH42w,,,
10274,黑龙江省,鸡西,https://mp.weixin.qq.com/s/I0IJbj0be1gkbGKw-azI9Q,,,
10275,黑龙江省,鸡西,https://mp.weixin.qq.com/s/FCOk5cYv00KB1g1ZQLlhCQ,,,
10277,黑龙江省,鸡西,https://mp.weixin.qq.com/s/m15WdGSAMLmCSJtgh2lSYQ,,,
10289,黑龙江省,鸡西,https://mp.weixin.qq.com/s/JSjCQ7nNWHeyiCnGcc5aLg,,,
10291,黑龙江省,鸡西,https://mp.weixin.qq.com/s/qKM2qfs8jPjq6DJKfWnSQQ,,,
